# Spec-closure rows. Derived reference, not authority: the code and its gated theorems are the sole
# implementation authority. disposition IN is represented eventually and names the milestone that owns it;
# OUT is a priced exclusion with no milestone, and its price is authoritative here. contract names an
# ARCHITECTURE.md section 9 proof contract. IDs are stable and never renumbered; -X### IDs are supplemental.
id,source,anchor,construct,disposition,representation,owner,contract,price,kind,milestone
SPEC-001,Go spec,Introduction,Introduction,IN,Normative scope only; constituent constructs are closed by their own rows.,Pinned-spec record and Spec-Closure Ledger; no runtime node.,SC-00,—,ordinary,C5
SPEC-002,Go spec,Notation,Notation,IN,"EBNF and version-link notation are pinned evidence inputs, not executable semantics.",Pinned-spec record and source grammar contracts; no runtime node.,SC-00,—,ordinary,C5
SPEC-003,Go spec,Source_code_representation,Source code representation,IN,IN for semantic source values and canonical UTF-8 emission. Raw-source parsing/preservation is separately OUT.,Syntax.Program validity constructors/facts own admitted source values; Render owns canonical UTF-8 bytes.,SC-01,—,ordinary,C5
SPEC-004,Go spec,Characters,Characters,IN,Unicode code points are represented where a live source constructor accepts them; invalid UTF-8 cannot enter Syntax.Program.,Syntax.Program validity constructors/facts own admitted source values; Render owns canonical UTF-8 bytes.,SC-01,—,ordinary,C5
SPEC-005,Go spec,Letters_and_digits,Letters and digits,IN,"Letters and digits are admitted only where a live constructor accepts them: Names.identifier_shape_ok governs identifier spelling, and literal digits are governed by their own constant rows. Later lexical uses arrive with their milestones.",Names.identifier_shape_ok owns admitted identifier characters; Render owns exact byte emission; feature milestones own further lexical use.,SC-01,—,ordinary,C5
SPEC-006,Go spec,Lexical_elements,Lexical elements,IN,"Only the lexical elements the current fragment admits are represented: identifiers, primitive literals, and the package/func/println forms Render emits. The remaining lexical elements arrive with the milestones that admit them.",Syntax.Program constructors own admitted lexical values; Render owns their exact byte emission; feature milestones own the rest.,SC-01,—,ordinary,C5
SPEC-007,Go spec,Comments,Comments,OUT,"Comments are absent from Syntax.Program; no trivia can reach compiler, machine, or renderer.",Unrepresentability boundary in Syntax.Program/import/type constructors; no runtime owner.,Constructor absence and SC-19,"Add a source-trivia layer or exact parsed-source form, parser validity proofs, attachment rules, and byte-preserving rendering. It must remain source-only and may not become a semantic authority.",ordinary,OUT
SPEC-008,Go spec,Tokens,Tokens,IN,No token type exists; Render goes directly from Syntax.Program to bytes. Token vocabulary is pinned by KEY-01 through KEY-25 and OP-01 through OP-48; the milestone that admits a use owns its constructor and exact spelling.,.review/closure.csv owns the pinned vocabulary; Render owns exact byte emission for admitted forms; feature milestones own admitted uses.,SC-01,—,ordinary,C5
SPEC-009,Go spec,Semicolons,Semicolons,IN,"Render emits no semicolon byte. The admitted fragment relies on Go automatic semicolon insertion at newlines, so the rendered bytes are accepted without one, and original explicit or implicit spelling is not retained.",Render owns the emitted byte sequence; the feature milestone admitting a form that needs an explicit semicolon owns it.,SC-01,—,ordinary,C5
SPEC-010,Go spec,Identifiers,Identifiers,IN,"Names.Identifier carries its own validity proof, so no unchecked string constructs one, and Render emits its exact spelling. Identifiers in roles the fragment does not yet admit arrive with their milestones.",Names.identifier_ok and Names.Identifier own admitted spelling; Render owns exact byte emission; feature milestones own further roles.,SC-01,—,ordinary,C5
SPEC-011,Go spec,Keywords,Keywords,IN,KEY-01 through KEY-25 pin the complete keyword vocabulary. Names.Identifier rejects every keyword; feature-specific constructors and rendering arrive with their milestones.,.review/closure.csv owns vocabulary coverage; Names.Identifier owns current lexical rejection; feature milestones own admitted uses.,SC-00; SC-01,—,ordinary,C5
SPEC-012,Go spec,Operators_and_punctuation,Operators and punctuation,IN,OP-01 through OP-48 pin the complete operator and punctuation vocabulary. Vocabulary membership does not assert a current AST constructor; feature milestones own admitted uses and rendering.,.review/closure.csv owns vocabulary coverage; feature milestones own admitted uses.,SC-00; SC-01,—,ordinary,C5
SPEC-013,Go spec,Integer_literals,Integer literals,IN,"SC-02-CONSTANTS-LITERALS closes Integer literals by proving exact literal or constant denotation, representability, typed constant formation, and materialization without runtime reclassification.",Syntax.Program constructors own admitted lexical values; Render owns canonical token spelling and semicolon placement.,SC-02; SC-01,—,ordinary,C7
SPEC-014,Go spec,Floating-point_literals,Floating-point literals,IN,"SC-02-CONSTANTS-LITERALS closes Floating-point literals by proving exact literal or constant denotation, representability, typed constant formation, and materialization without runtime reclassification.",Syntax.Program constructors own admitted lexical values; Render owns canonical token spelling and semicolon placement.,SC-02; SC-01,—,ordinary,C7
SPEC-015,Go spec,Imaginary_literals,Imaginary literals,IN,"SC-02-CONSTANTS-LITERALS closes Imaginary literals by proving exact literal or constant denotation, representability, typed constant formation, and materialization without runtime reclassification.",Syntax.Program constructors own admitted lexical values; Render owns canonical token spelling and semicolon placement.,SC-02; SC-01,—,ordinary,C7
SPEC-016,Go spec,Rune_literals,Rune literals,IN,"SC-02-CONSTANTS-LITERALS closes Rune literals by proving exact literal or constant denotation, representability, typed constant formation, and materialization without runtime reclassification.",Syntax.Program constructors own admitted lexical values; Render owns canonical token spelling and semicolon placement.,SC-02; SC-01,—,ordinary,C7
SPEC-017,Go spec,String_literals,String literals,IN,Interpreted string literal meaning is IN over exact bytes. Raw-string source form is separately OUT.,Syntax.Program constructors own admitted lexical values; Render owns canonical token spelling and semicolon placement.,SC-02; SC-01,—,ordinary,C7
SPEC-018,Go spec,Constants,Constants,IN,"SC-02-CONSTANTS-LITERALS closes Constants by proving exact literal or constant denotation, representability, typed constant formation, and materialization without runtime reclassification.",Compilable.ExpressionFact owns intrinsic constant value/kind; ExprUseFact owns defaulting and representability; TypedConstant owns typed form.,SC-02,—,ordinary,C7
SPEC-019,Go spec,Variables,Variables,IN,"SC-03-BINDINGS-DECLARATIONS-BLANK closes Variables by proving its declaration, scope, binding target, blank-use behavior, and static-slot identity before runtime allocation.",Binding/slot facts own static identity; GoMachine scope environments and Place own runtime instances.,SC-03; SC-08,—,ordinary,C6
SPEC-020,Go spec,Types,Types,IN,"SC-04-TYPES-PROPERTIES-GENERICS closes Types by proving its identity and relations in the one SemanticType algebra, including closing substitution before runtime use.",SemanticType and retained compiler relations own all type meaning; Value and Step consume closed runtime types.,SC-04,—,ordinary,C6
SPEC-021,Go spec,Boolean_types,Boolean types,IN,"SC-04-TYPES-PROPERTIES-GENERICS closes Boolean types by proving its identity and relations in the one SemanticType algebra, including closing substitution before runtime use.",SemanticType and retained compiler relations own all type meaning; Value and Step consume closed runtime types.,SC-04,—,ordinary,C6
SPEC-022,Go spec,Numeric_types,Numeric types,IN,All specified numeric types except uintptr are IN. uintptr is separately OUT pending its priced target decision.,SemanticType and retained compiler relations own all type meaning; Value and Step consume closed runtime types.,SC-04,—,ordinary,C6
SPEC-023,Go spec,String_types,String types,IN,"SC-04-TYPES-PROPERTIES-GENERICS closes String types by proving its identity and relations in the one SemanticType algebra, including closing substitution before runtime use.",SemanticType and retained compiler relations own all type meaning; Value and Step consume closed runtime types.,SC-04,—,ordinary,C6
SPEC-024,Go spec,Array_types,Array types,IN,"SC-04-TYPES-PROPERTIES-GENERICS closes Array types by proving its identity and relations in the one SemanticType algebra, including closing substitution before runtime use.",SemanticType and retained compiler relations own all type meaning; Value and Step consume closed runtime types.,SC-04,—,ordinary,C10
SPEC-025,Go spec,Slice_types,Slice types,IN,"SC-04-TYPES-PROPERTIES-GENERICS closes Slice types by proving its identity and relations in the one SemanticType algebra, including closing substitution before runtime use.",SemanticType and retained compiler relations own all type meaning; Value and Step consume closed runtime types.,SC-04,—,ordinary,C10
SPEC-026,Go spec,Struct_types,Struct types,IN,"Struct type identity includes field sequence, field names, field types, embedding status, package identity for unexported names, and tags; conversion between otherwise identical struct types follows the pinned rule that ignores tags.",SemanticType and retained compiler relations own all type meaning; Value and Step consume closed runtime types.,SC-04; SC-20,—,ordinary,C10
SPEC-027,Go spec,Pointer_types,Pointer types,IN,"SC-04-TYPES-PROPERTIES-GENERICS closes Pointer types by proving its identity and relations in the one SemanticType algebra, including closing substitution before runtime use.",SemanticType and retained compiler relations own all type meaning; Value and Step consume closed runtime types.,SC-04,—,ordinary,C10
SPEC-028,Go spec,Function_types,Function types,IN,"SC-04-TYPES-PROPERTIES-GENERICS closes Function types by proving its identity and relations in the one SemanticType algebra, including closing substitution before runtime use.",SemanticType and retained compiler relations own all type meaning; Value and Step consume closed runtime types.,SC-04,—,ordinary,C9
SPEC-029,Go spec,Interface_types,Interface types,IN,"SC-04-TYPES-PROPERTIES-GENERICS closes Interface types by proving its identity and relations in the one SemanticType algebra, including closing substitution before runtime use.",SemanticType and retained compiler relations own all type meaning; Value and Step consume closed runtime types.,SC-04; SC-13,—,ordinary,C12
SPEC-030,Go spec,Basic_interfaces,Basic interfaces,IN,"SC-04-TYPES-PROPERTIES-GENERICS closes Basic interfaces by proving its identity and relations in the one SemanticType algebra, including closing substitution before runtime use.",SemanticType and retained compiler relations own all type meaning; Value and Step consume closed runtime types.,SC-04; SC-13,—,ordinary,C12
SPEC-031,Go spec,Embedded_interfaces,Embedded interfaces,IN,"SC-04-TYPES-PROPERTIES-GENERICS closes Embedded interfaces by proving its identity and relations in the one SemanticType algebra, including closing substitution before runtime use.",SemanticType and retained compiler relations own all type meaning; Value and Step consume closed runtime types.,SC-04; SC-13,—,ordinary,C12
SPEC-032,Go spec,General_interfaces,General interfaces,IN,"SC-04-TYPES-PROPERTIES-GENERICS closes General interfaces by proving its identity and relations in the one SemanticType algebra, including closing substitution before runtime use.",SemanticType and retained compiler relations own all type meaning; Value and Step consume closed runtime types.,SC-04; SC-13,—,ordinary,C12
SPEC-033,Go spec,Implementing_an_interface,Implementing an interface,IN,"SC-04-TYPES-PROPERTIES-GENERICS closes Implementing an interface by proving its identity and relations in the one SemanticType algebra, including closing substitution before runtime use.",SemanticType and retained compiler relations own all type meaning; Value and Step consume closed runtime types.,SC-04; SC-13,—,ordinary,C12
SPEC-034,Go spec,Map_types,Map types,IN,"SC-04-TYPES-PROPERTIES-GENERICS closes Map types by proving its identity and relations in the one SemanticType algebra, including closing substitution before runtime use.",SemanticType and retained compiler relations own all type meaning; Value and Step consume closed runtime types.,SC-04; SC-08; SC-11,—,ordinary,C10
SPEC-035,Go spec,Channel_types,Channel types,IN,"SC-04-TYPES-PROPERTIES-GENERICS closes Channel types by proving its identity and relations in the one SemanticType algebra, including closing substitution before runtime use.",SemanticType and retained compiler relations own all type meaning; Value and Step consume closed runtime types.,SC-04; SC-10,—,ordinary,C14
SPEC-036,Go spec,Properties_of_types_and_values,Properties of types and values,IN,"SC-04-TYPES-PROPERTIES-GENERICS closes Properties of types and values by proving its identity and relations in the one SemanticType algebra, including closing substitution before runtime use.",Retained compiler relations over the one SemanticType algebra own the property.,SC-04,—,ordinary,C6
SPEC-037,Go spec,Underlying_types,Underlying types,IN,"SC-04-TYPES-PROPERTIES-GENERICS closes Underlying types by proving its identity and relations in the one SemanticType algebra, including closing substitution before runtime use.",Retained compiler relations over the one SemanticType algebra own the property.,SC-04,—,ordinary,C6
SPEC-038,Go spec,Core_types,Core types,IN,"SC-04-TYPES-PROPERTIES-GENERICS closes Core types by proving its identity and relations in the one SemanticType algebra, including closing substitution before runtime use.",Retained compiler relations over the one SemanticType algebra own the property.,SC-04,—,ordinary,C6
SPEC-039,Go spec,Type_identity,Type identity,IN,"SC-04-TYPES-PROPERTIES-GENERICS closes Type identity by proving its identity and relations in the one SemanticType algebra, including closing substitution before runtime use.",Retained compiler relations over the one SemanticType algebra own the property.,SC-04,—,ordinary,C6
SPEC-040,Go spec,Assignability,Assignability,IN,"SC-04-TYPES-PROPERTIES-GENERICS closes Assignability by proving its identity and relations in the one SemanticType algebra, including closing substitution before runtime use.",Retained compiler relations over the one SemanticType algebra own the property.,SC-04,—,ordinary,C6
SPEC-041,Go spec,Representability,Representability,IN,"SC-04-TYPES-PROPERTIES-GENERICS closes Representability by proving its identity and relations in the one SemanticType algebra, including closing substitution before runtime use.",Retained compiler relations over the one SemanticType algebra own the property.,SC-04,—,ordinary,C6
SPEC-042,Go spec,Method_sets,Method sets,IN,"SC-04-TYPES-PROPERTIES-GENERICS closes Method sets by proving its identity and relations in the one SemanticType algebra, including closing substitution before runtime use.",Retained compiler relations over the one SemanticType algebra own the property.,SC-04; SC-13,—,ordinary,C12
SPEC-043,Go spec,Blocks,Blocks,IN,"SC-03-BINDINGS-DECLARATIONS-BLANK closes Blocks by proving its declaration, scope, binding target, blank-use behavior, and static-slot identity before runtime allocation.",Scope/control facts own block structure; source zipper consumes them.,SC-03,—,ordinary,C6
SPEC-044,Go spec,Declarations_and_scope,Declarations and scope,IN,"SC-03-BINDINGS-DECLARATIONS-BLANK closes Declarations and scope by proving its declaration, scope, binding target, blank-use behavior, and static-slot identity before runtime allocation.","Binding, scope, slot, declaration, and method facts own static meaning; initial/step create runtime instances.",SC-03,—,ordinary,C6
SPEC-045,Go spec,Label_scopes,Label scopes,IN,"SC-03-BINDINGS-DECLARATIONS-BLANK closes Label scopes by proving its declaration, scope, binding target, blank-use behavior, and static-slot identity before runtime allocation.","Binding, scope, slot, declaration, and method facts own static meaning; initial/step create runtime instances.",SC-03,—,ordinary,C6
SPEC-046,Go spec,Blank_identifier,Blank identifier,IN,"Blank occurrences use a distinct source-reference kind, bind nothing, and retain exact use facts such as discard evaluation.","Binding, scope, slot, declaration, and method facts own static meaning; initial/step create runtime instances.",SC-03,—,ordinary,C6
SPEC-047,Go spec,Predeclared_identifiers,Predeclared identifiers,IN,All admitted predeclared objects resolve through normal outer-scope binding facts. Blank is not an IdentifierUseRef; uintptr is separately OUT.,"Binding, scope, slot, declaration, and method facts own static meaning; initial/step create runtime instances.",SC-03,—,ordinary,C6
SPEC-048,Go spec,Exported_identifiers,Exported identifiers,IN,"SC-03-BINDINGS-DECLARATIONS-BLANK closes Exported identifiers by proving its declaration, scope, binding target, blank-use behavior, and static-slot identity before runtime allocation.","Binding, scope, slot, declaration, and method facts own static meaning; initial/step create runtime instances.",SC-03,—,ordinary,C6
SPEC-049,Go spec,Uniqueness_of_identifiers,Uniqueness of identifiers,IN,"SC-03-BINDINGS-DECLARATIONS-BLANK closes Uniqueness of identifiers by proving its declaration, scope, binding target, blank-use behavior, and static-slot identity before runtime allocation.","Binding, scope, slot, declaration, and method facts own static meaning; initial/step create runtime instances.",SC-03,—,ordinary,C6
SPEC-050,Go spec,Constant_declarations,Constant declarations,IN,"SC-03-BINDINGS-DECLARATIONS-BLANK closes Constant declarations by proving its declaration, scope, binding target, blank-use behavior, and static-slot identity before runtime allocation.","Binding, scope, slot, declaration, and method facts own static meaning; initial/step create runtime instances.",SC-03,—,ordinary,C6
SPEC-051,Go spec,Iota,Iota,IN,"SC-03-BINDINGS-DECLARATIONS-BLANK closes Iota by proving its declaration, scope, binding target, blank-use behavior, and static-slot identity before runtime allocation.","Binding, scope, slot, declaration, and method facts own static meaning; initial/step create runtime instances.",SC-03,—,ordinary,C6
SPEC-052,Go spec,Type_declarations,Type declarations,IN,"SC-03-BINDINGS-DECLARATIONS-BLANK closes Type declarations by proving its declaration, scope, binding target, blank-use behavior, and static-slot identity before runtime allocation.","Binding, scope, slot, declaration, and method facts own static meaning; initial/step create runtime instances.",SC-03; SC-04,—,ordinary,C6
SPEC-053,Go spec,Alias_declarations,Alias declarations,IN,"SC-03-BINDINGS-DECLARATIONS-BLANK closes Alias declarations by proving its declaration, scope, binding target, blank-use behavior, and static-slot identity before runtime allocation.","Binding, scope, slot, declaration, and method facts own static meaning; initial/step create runtime instances.",SC-03; SC-04,—,ordinary,C6
SPEC-054,Go spec,Type_definitions,Type definitions,IN,"SC-03-BINDINGS-DECLARATIONS-BLANK closes Type definitions by proving its declaration, scope, binding target, blank-use behavior, and static-slot identity before runtime allocation.","Binding, scope, slot, declaration, and method facts own static meaning; initial/step create runtime instances.",SC-03; SC-04,—,ordinary,C6
SPEC-055,Go spec,Type_parameter_declarations,Type parameter declarations,IN,"SC-03-BINDINGS-DECLARATIONS-BLANK closes Type parameter declarations by proving its declaration, scope, binding target, blank-use behavior, and static-slot identity before runtime allocation.","Binding, scope, slot, declaration, and method facts own static meaning; initial/step create runtime instances.",SC-03; SC-04,—,ordinary,C13
SPEC-056,Go spec,Type_constraints,Type constraints,IN,"SC-03-BINDINGS-DECLARATIONS-BLANK closes Type constraints by proving its declaration, scope, binding target, blank-use behavior, and static-slot identity before runtime allocation.","Binding, scope, slot, declaration, and method facts own static meaning; initial/step create runtime instances.",SC-03; SC-04,—,ordinary,C13
SPEC-057,Go spec,Satisfying_a_type_constraint,Satisfying a type constraint,IN,"SC-03-BINDINGS-DECLARATIONS-BLANK closes Satisfying a type constraint by proving its declaration, scope, binding target, blank-use behavior, and static-slot identity before runtime allocation.","Binding, scope, slot, declaration, and method facts own static meaning; initial/step create runtime instances.",SC-03; SC-04,—,ordinary,C13
SPEC-058,Go spec,Variable_declarations,Variable declarations,IN,"SC-03-BINDINGS-DECLARATIONS-BLANK closes Variable declarations by proving its declaration, scope, binding target, blank-use behavior, and static-slot identity before runtime allocation.","Binding, scope, slot, declaration, and method facts own static meaning; initial/step create runtime instances.",SC-03,—,ordinary,C6
SPEC-059,Go spec,Short_variable_declarations,Short variable declarations,IN,"SC-03-BINDINGS-DECLARATIONS-BLANK closes Short variable declarations by proving its declaration, scope, binding target, blank-use behavior, and static-slot identity before runtime allocation.","Binding, scope, slot, declaration, and method facts own static meaning; initial/step create runtime instances.",SC-03,—,ordinary,C6
SPEC-060,Go spec,Function_declarations,Function declarations,IN,"SC-03-BINDINGS-DECLARATIONS-BLANK closes Function declarations by proving its declaration, scope, binding target, blank-use behavior, and static-slot identity before runtime allocation.","Binding, scope, slot, declaration, and method facts own static meaning; initial/step create runtime instances.",SC-03; SC-07,—,ordinary,C9
SPEC-061,Go spec,Method_declarations,Method declarations,IN,"SC-03-BINDINGS-DECLARATIONS-BLANK closes Method declarations by proving its declaration, scope, binding target, blank-use behavior, and static-slot identity before runtime allocation.","Binding, scope, slot, declaration, and method facts own static meaning; initial/step create runtime instances.",SC-03; SC-07,—,ordinary,C12
SPEC-062,Go spec,Expressions,Expressions,IN,"SC-05-EXPR-FACT-USE-EVAL closes Expressions by proving intrinsic expression facts, exact parent-use facts, and source-zipper evaluation through the one Step relation.",Compilable.ExpressionFact/ExprUseFact own static meaning; source zipper and Step own evaluation; Action owns observations.,SC-05,—,ordinary,C7
SPEC-063,Go spec,Operands,Operands,IN,"SC-05-EXPR-FACT-USE-EVAL closes Operands by proving intrinsic expression facts, exact parent-use facts, and source-zipper evaluation through the one Step relation.",Compilable.ExpressionFact/ExprUseFact own static meaning; source zipper and Step own evaluation; Action owns observations.,SC-05,—,ordinary,C7
SPEC-064,Go spec,Qualified_identifiers,Qualified identifiers,IN,"SC-05-EXPR-FACT-USE-EVAL closes Qualified identifiers by proving intrinsic expression facts, exact parent-use facts, and source-zipper evaluation through the one Step relation.",Compilable.ExpressionFact/ExprUseFact own static meaning; source zipper and Step own evaluation; Action owns observations.,SC-05,—,ordinary,C11
SPEC-065,Go spec,Composite_literals,Composite literals,IN,"SC-05-EXPR-FACT-USE-EVAL closes Composite literals by proving intrinsic expression facts, exact parent-use facts, and source-zipper evaluation through the one Step relation.",Compilable.ExpressionFact/ExprUseFact own static meaning; source zipper and Step own evaluation; Action owns observations.,SC-05; SC-08,—,ordinary,C10
SPEC-066,Go spec,Function_literals,Function literals,IN,"SC-05-EXPR-FACT-USE-EVAL closes Function literals by proving intrinsic expression facts, exact parent-use facts, and source-zipper evaluation through the one Step relation.",Compilable.ExpressionFact/ExprUseFact own static meaning; source zipper and Step own evaluation; Action owns observations.,SC-05; SC-07,—,ordinary,C9
SPEC-067,Go spec,Primary_expressions,Primary expressions,IN,"SC-05-EXPR-FACT-USE-EVAL closes Primary expressions by proving intrinsic expression facts, exact parent-use facts, and source-zipper evaluation through the one Step relation.",Compilable.ExpressionFact/ExprUseFact own static meaning; source zipper and Step own evaluation; Action owns observations.,SC-05,—,ordinary,C7
SPEC-068,Go spec,Selectors,Selectors,IN,"SC-05-EXPR-FACT-USE-EVAL closes Selectors by proving intrinsic expression facts, exact parent-use facts, and source-zipper evaluation through the one Step relation.",Compilable.ExpressionFact/ExprUseFact own static meaning; source zipper and Step own evaluation; Action owns observations.,SC-05; SC-13,—,ordinary,C12
SPEC-069,Go spec,Method_expressions,Method expressions,IN,"SC-05-EXPR-FACT-USE-EVAL closes Method expressions by proving intrinsic expression facts, exact parent-use facts, and source-zipper evaluation through the one Step relation.",Compilable.ExpressionFact/ExprUseFact own static meaning; source zipper and Step own evaluation; Action owns observations.,SC-05; SC-13,—,ordinary,C12
SPEC-070,Go spec,Method_values,Method values,IN,"SC-05-EXPR-FACT-USE-EVAL closes Method values by proving intrinsic expression facts, exact parent-use facts, and source-zipper evaluation through the one Step relation.",Compilable.ExpressionFact/ExprUseFact own static meaning; source zipper and Step own evaluation; Action owns observations.,SC-05; SC-13,—,ordinary,C12
SPEC-071,Go spec,Index_expressions,Index expressions,IN,"SC-05-EXPR-FACT-USE-EVAL closes Index expressions by proving intrinsic expression facts, exact parent-use facts, and source-zipper evaluation through the one Step relation.",Compilable.ExpressionFact/ExprUseFact own static meaning; source zipper and Step own evaluation; Action owns observations.,SC-05; SC-08,—,ordinary,C10
SPEC-072,Go spec,Slice_expressions,Slice expressions,IN,"SC-05-EXPR-FACT-USE-EVAL closes Slice expressions by proving intrinsic expression facts, exact parent-use facts, and source-zipper evaluation through the one Step relation.",Compilable.ExpressionFact/ExprUseFact own static meaning; source zipper and Step own evaluation; Action owns observations.,SC-05; SC-08,—,ordinary,C10
SPEC-073,Go spec,Slice_expressions/Simple_slice_expressions,Simple slice expressions,IN,"SC-05-EXPR-FACT-USE-EVAL closes Simple slice expressions by proving intrinsic expression facts, exact parent-use facts, and source-zipper evaluation through the one Step relation.",Compilable.ExpressionFact/ExprUseFact own static meaning; source zipper and Step own evaluation; Action owns observations.,SC-05; SC-08,—,ordinary,C10
SPEC-074,Go spec,Slice_expressions/Full_slice_expressions,Full slice expressions,IN,"SC-05-EXPR-FACT-USE-EVAL closes Full slice expressions by proving intrinsic expression facts, exact parent-use facts, and source-zipper evaluation through the one Step relation.",Compilable.ExpressionFact/ExprUseFact own static meaning; source zipper and Step own evaluation; Action owns observations.,SC-05; SC-08,—,ordinary,C10
SPEC-075,Go spec,Type_assertions,Type assertions,IN,"SC-05-EXPR-FACT-USE-EVAL closes Type assertions by proving intrinsic expression facts, exact parent-use facts, and source-zipper evaluation through the one Step relation.",Compilable.ExpressionFact/ExprUseFact own static meaning; source zipper and Step own evaluation; Action owns observations.,SC-05; SC-13,—,ordinary,C12
SPEC-076,Go spec,Calls,Calls,IN,"SC-05-EXPR-FACT-USE-EVAL closes Calls by proving intrinsic expression facts, exact parent-use facts, and source-zipper evaluation through the one Step relation.",Compilable.ExpressionFact/ExprUseFact own static meaning; source zipper and Step own evaluation; Action owns observations.,SC-05; SC-07,—,ordinary,C9
SPEC-077,Go spec,Passing_arguments_to_..._parameters,Passing arguments to ... parameters,IN,"SC-05-EXPR-FACT-USE-EVAL closes Passing arguments to ... parameters by proving intrinsic expression facts, exact parent-use facts, and source-zipper evaluation through the one Step relation.",Compilable.ExpressionFact/ExprUseFact own static meaning; source zipper and Step own evaluation; Action owns observations.,SC-05; SC-07,—,ordinary,C9
SPEC-078,Go spec,Instantiations,Instantiations,IN,"SC-05-EXPR-FACT-USE-EVAL closes Instantiations by proving intrinsic expression facts, exact parent-use facts, and source-zipper evaluation through the one Step relation.",Compilable.ExpressionFact/ExprUseFact own static meaning; source zipper and Step own evaluation; Action owns observations.,SC-05; SC-04,—,ordinary,C13
SPEC-079,Go spec,Type_inference,Type inference,IN,"SC-05-EXPR-FACT-USE-EVAL closes Type inference by proving intrinsic expression facts, exact parent-use facts, and source-zipper evaluation through the one Step relation.",Compilable.ExpressionFact/ExprUseFact own static meaning; source zipper and Step own evaluation; Action owns observations.,SC-05; SC-04,—,ordinary,C13
SPEC-080,Go spec,Type_unification,Type unification,IN,"SC-05-EXPR-FACT-USE-EVAL closes Type unification by proving intrinsic expression facts, exact parent-use facts, and source-zipper evaluation through the one Step relation.",Compilable.ExpressionFact/ExprUseFact own static meaning; source zipper and Step own evaluation; Action owns observations.,SC-05; SC-04,—,ordinary,C13
SPEC-081,Go spec,Operators,Operators,IN,"SC-05-EXPR-FACT-USE-EVAL closes Operators by proving intrinsic expression facts, exact parent-use facts, and source-zipper evaluation through the one Step relation.",Compilable.ExpressionFact/ExprUseFact own static meaning; source zipper and Step own evaluation; Action owns observations.,SC-05; SC-02,—,ordinary,C7
SPEC-082,Go spec,Operator_precedence,Operator precedence,IN,"SC-05-EXPR-FACT-USE-EVAL closes Operator precedence by proving intrinsic expression facts, exact parent-use facts, and source-zipper evaluation through the one Step relation.",Compilable.ExpressionFact/ExprUseFact own static meaning; source zipper and Step own evaluation; Action owns observations.,SC-05; SC-02,—,ordinary,C7
SPEC-083,Go spec,Arithmetic_operators,Arithmetic operators,IN,"SC-05-EXPR-FACT-USE-EVAL closes Arithmetic operators by proving intrinsic expression facts, exact parent-use facts, and source-zipper evaluation through the one Step relation.",Compilable.ExpressionFact/ExprUseFact own static meaning; source zipper and Step own evaluation; Action owns observations.,SC-05; SC-02,—,ordinary,C7
SPEC-084,Go spec,Integer_operators,Integer operators,IN,"SC-05-EXPR-FACT-USE-EVAL closes Integer operators by proving intrinsic expression facts, exact parent-use facts, and source-zipper evaluation through the one Step relation.",Compilable.ExpressionFact/ExprUseFact own static meaning; source zipper and Step own evaluation; Action owns observations.,SC-05; SC-02,—,ordinary,C7
SPEC-085,Go spec,Integer_overflow,Integer overflow,IN,"SC-05-EXPR-FACT-USE-EVAL closes Integer overflow by proving intrinsic expression facts, exact parent-use facts, and source-zipper evaluation through the one Step relation.",Compilable.ExpressionFact/ExprUseFact own static meaning; source zipper and Step own evaluation; Action owns observations.,SC-05; SC-02,—,ordinary,C7
SPEC-086,Go spec,Floating_point_operators,Floating-point operators,IN,"Floating evaluation uses the one Step relation. It admits every specification-permitted division-by-zero result or runtime panic, fused or separately rounded operation, and retained intermediate precision; explicit conversion and required rounding points remain exact.",Compilable.ExpressionFact/ExprUseFact own static meaning; source zipper and Step own evaluation; Action owns observations.,SC-05; SC-02; SC-20,—,ordinary,C7
SPEC-087,Go spec,String_concatenation,String concatenation,IN,"SC-05-EXPR-FACT-USE-EVAL closes String concatenation by proving intrinsic expression facts, exact parent-use facts, and source-zipper evaluation through the one Step relation.",Compilable.ExpressionFact/ExprUseFact own static meaning; source zipper and Step own evaluation; Action owns observations.,SC-05; SC-02,—,ordinary,C7
SPEC-088,Go spec,Comparison_operators,Comparison operators,IN,"SC-05-EXPR-FACT-USE-EVAL closes Comparison operators by proving intrinsic expression facts, exact parent-use facts, and source-zipper evaluation through the one Step relation.",Compilable.ExpressionFact/ExprUseFact own static meaning; source zipper and Step own evaluation; Action owns observations.,SC-05; SC-02,—,ordinary,C7
SPEC-089,Go spec,Logical_operators,Logical operators,IN,"SC-05-EXPR-FACT-USE-EVAL closes Logical operators by proving intrinsic expression facts, exact parent-use facts, and source-zipper evaluation through the one Step relation.",Compilable.ExpressionFact/ExprUseFact own static meaning; source zipper and Step own evaluation; Action owns observations.,SC-05; SC-02,—,ordinary,C7
SPEC-090,Go spec,Address_operators,Address operators,IN,"SC-05-EXPR-FACT-USE-EVAL closes Address operators by proving intrinsic expression facts, exact parent-use facts, and source-zipper evaluation through the one Step relation.",Compilable.ExpressionFact/ExprUseFact own static meaning; source zipper and Step own evaluation; Action owns observations.,SC-05; SC-08,—,ordinary,C10
SPEC-091,Go spec,Receive_operator,Receive operator,IN,"SC-05-EXPR-FACT-USE-EVAL closes Receive operator by proving intrinsic expression facts, exact parent-use facts, and source-zipper evaluation through the one Step relation.",Compilable.ExpressionFact/ExprUseFact own static meaning; source zipper and Step own evaluation; Action owns observations.,SC-05; SC-10,—,ordinary,C14
SPEC-092,Go spec,Conversions,Conversions,IN,"SC-05-EXPR-FACT-USE-EVAL closes Conversions by proving intrinsic expression facts, exact parent-use facts, and source-zipper evaluation through the one Step relation.",Compilable.ExpressionFact/ExprUseFact own static meaning; source zipper and Step own evaluation; Action owns observations.,SC-05; SC-08,—,ordinary,C7
SPEC-093,Go spec,Conversions/Conversions_between_numeric_types,Conversions between numeric types,IN,"SC-05-EXPR-FACT-USE-EVAL closes Conversions between numeric types by proving intrinsic expression facts, exact parent-use facts, and source-zipper evaluation through the one Step relation.",Compilable.ExpressionFact/ExprUseFact own static meaning; source zipper and Step own evaluation; Action owns observations.,SC-05; SC-08,—,ordinary,C7
SPEC-094,Go spec,Conversions_to_and_from_a_string_type,Conversions to and from a string type,IN,"SC-05-EXPR-FACT-USE-EVAL closes Conversions to and from a string type by proving intrinsic expression facts, exact parent-use facts, and source-zipper evaluation through the one Step relation.",Compilable.ExpressionFact/ExprUseFact own static meaning; source zipper and Step own evaluation; Action owns observations.,SC-05; SC-08,—,ordinary,C10
SPEC-095,Go spec,Conversions_from_slice_to_array_or_array_pointer,Conversions from slice to array or array pointer,IN,"SC-05-EXPR-FACT-USE-EVAL closes Conversions from slice to array or array pointer by proving intrinsic expression facts, exact parent-use facts, and source-zipper evaluation through the one Step relation.",Compilable.ExpressionFact/ExprUseFact own static meaning; source zipper and Step own evaluation; Action owns observations.,SC-05; SC-08,—,ordinary,C10
SPEC-096,Go spec,Constant_expressions,Constant expressions,IN,"SC-05-EXPR-FACT-USE-EVAL closes Constant expressions by proving intrinsic expression facts, exact parent-use facts, and source-zipper evaluation through the one Step relation.",Compilable.ExpressionFact/ExprUseFact own static meaning; source zipper and Step own evaluation; Action owns observations.,SC-05; SC-02,—,ordinary,C7
SPEC-097,Go spec,Order_of_evaluation,Order of evaluation,IN,"The source zipper enforces the specified lexical left-to-right order of function calls, method calls, and receive operations, plus the specified assignment and return phases. Step branches over every relative order the pinned specification leaves unspecified; each branch is observable only through its ordinary calls, receives, reads, writes, panics, and outputs.",Compilable.ExpressionFact/ExprUseFact own static meaning; source zipper and Step own evaluation; Action owns observations.,SC-05; SC-20,—,ordinary,C7
SPEC-098,Go spec,Statements,Statements,IN,SC-06-SOURCE-ZIPPER-CONTROL closes Statements by proving exact retained control facts and source-zipper progress without a second command or continuation-construction authority.,ControlFact and source zipper own control; Step owns effects; Action owns visible effects.,SC-06,—,ordinary,C8
SPEC-099,Go spec,Terminating_statements,Terminating statements,IN,SC-06-SOURCE-ZIPPER-CONTROL closes Terminating statements by proving exact retained control facts and source-zipper progress without a second command or continuation-construction authority.,ControlFact and source zipper own control; Step owns effects; Action owns visible effects.,SC-06,—,ordinary,C8
SPEC-100,Go spec,Empty_statements,Empty statements,IN,SC-06-SOURCE-ZIPPER-CONTROL closes Empty statements by proving exact retained control facts and source-zipper progress without a second command or continuation-construction authority.,ControlFact and source zipper own control; Step owns effects; Action owns visible effects.,SC-06,—,ordinary,C8
SPEC-101,Go spec,Labeled_statements,Labeled statements,IN,SC-06-SOURCE-ZIPPER-CONTROL closes Labeled statements by proving exact retained control facts and source-zipper progress without a second command or continuation-construction authority.,ControlFact and source zipper own control; Step owns effects; Action owns visible effects.,SC-06,—,ordinary,C8
SPEC-102,Go spec,Expression_statements,Expression statements,IN,SC-06-SOURCE-ZIPPER-CONTROL closes Expression statements by proving exact retained control facts and source-zipper progress without a second command or continuation-construction authority.,ControlFact and source zipper own control; Step owns effects; Action owns visible effects.,SC-06,—,ordinary,C8
SPEC-103,Go spec,Send_statements,Send statements,IN,SC-06-SOURCE-ZIPPER-CONTROL closes Send statements by proving exact retained control facts and source-zipper progress without a second command or continuation-construction authority.,ControlFact and source zipper own control; Step owns effects; Action owns visible effects.,SC-06; SC-10; SC-18,—,ordinary,C14
SPEC-104,Go spec,IncDec_statements,IncDec statements,IN,SC-06-SOURCE-ZIPPER-CONTROL closes IncDec statements by proving exact retained control facts and source-zipper progress without a second command or continuation-construction authority.,ControlFact and source zipper own control; Step owns effects; Action owns visible effects.,SC-06,—,ordinary,C8
SPEC-105,Go spec,Assignment_statements,Assignment statements,IN,SC-06-SOURCE-ZIPPER-CONTROL closes Assignment statements by proving exact retained control facts and source-zipper progress without a second command or continuation-construction authority.,ControlFact and source zipper own control; Step owns effects; Action owns visible effects.,SC-06,—,ordinary,C8
SPEC-106,Go spec,If_statements,If statements,IN,SC-06-SOURCE-ZIPPER-CONTROL closes If statements by proving exact retained control facts and source-zipper progress without a second command or continuation-construction authority.,ControlFact and source zipper own control; Step owns effects; Action owns visible effects.,SC-06,—,ordinary,C8
SPEC-107,Go spec,Switch_statements,Switch statements,IN,SC-06-SOURCE-ZIPPER-CONTROL closes Switch statements by proving exact retained control facts and source-zipper progress without a second command or continuation-construction authority.,ControlFact and source zipper own control; Step owns effects; Action owns visible effects.,SC-06,—,ordinary,C8
SPEC-108,Go spec,Expression_switches,Expression switches,IN,SC-06-SOURCE-ZIPPER-CONTROL closes Expression switches by proving exact retained control facts and source-zipper progress without a second command or continuation-construction authority.,ControlFact and source zipper own control; Step owns effects; Action owns visible effects.,SC-06,—,ordinary,C8
SPEC-109,Go spec,Type_switches,Type switches,IN,SC-06-SOURCE-ZIPPER-CONTROL closes Type switches by proving exact retained control facts and source-zipper progress without a second command or continuation-construction authority.,ControlFact and source zipper own control; Step owns effects; Action owns visible effects.,SC-06,—,ordinary,C12
SPEC-110,Go spec,For_statements,For statements,IN,SC-06-SOURCE-ZIPPER-CONTROL closes For statements by proving exact retained control facts and source-zipper progress without a second command or continuation-construction authority.,ControlFact and source zipper own control; Step owns effects; Action owns visible effects.,SC-06,—,ordinary,C8
SPEC-111,Go spec,For_condition,For statements with single condition,IN,SC-06-SOURCE-ZIPPER-CONTROL closes For statements with single condition by proving exact retained control facts and source-zipper progress without a second command or continuation-construction authority.,ControlFact and source zipper own control; Step owns effects; Action owns visible effects.,SC-06,—,ordinary,C8
SPEC-112,Go spec,For_clause,For statements with for clause,IN,SC-06-SOURCE-ZIPPER-CONTROL closes For statements with for clause by proving exact retained control facts and source-zipper progress without a second command or continuation-construction authority.,ControlFact and source zipper own control; Step owns effects; Action owns visible effects.,SC-06,—,ordinary,C8
SPEC-113,Go spec,For_range,For statements with range clause,IN,All range domains are IN. Map order is Step nondeterminism and its chosen next key/permutation is recorded in Action.,ControlFact and source zipper own control; Step owns effects; Action owns visible effects.,SC-06; SC-11; SC-10,—,ordinary,C11
SPEC-114,Go spec,Go_statements,Go statements,IN,SC-06-SOURCE-ZIPPER-CONTROL closes Go statements by proving exact retained control facts and source-zipper progress without a second command or continuation-construction authority.,ControlFact and source zipper own control; Step owns effects; Action owns visible effects.,SC-06; SC-10; SC-18,—,ordinary,C14
SPEC-115,Go spec,Select_statements,Select statements,IN,SC-06-SOURCE-ZIPPER-CONTROL closes Select statements by proving exact retained control facts and source-zipper progress without a second command or continuation-construction authority.,ControlFact and source zipper own control; Step owns effects; Action owns visible effects.,SC-06; SC-10; SC-18,—,ordinary,C14
SPEC-116,Go spec,Return_statements,Return statements,IN,SC-06-SOURCE-ZIPPER-CONTROL closes Return statements by proving exact retained control facts and source-zipper progress without a second command or continuation-construction authority.,ControlFact and source zipper own control; Step owns effects; Action owns visible effects.,SC-06; SC-07,—,ordinary,C9
SPEC-117,Go spec,Break_statements,Break statements,IN,SC-06-SOURCE-ZIPPER-CONTROL closes Break statements by proving exact retained control facts and source-zipper progress without a second command or continuation-construction authority.,ControlFact and source zipper own control; Step owns effects; Action owns visible effects.,SC-06,—,ordinary,C8
SPEC-118,Go spec,Continue_statements,Continue statements,IN,SC-06-SOURCE-ZIPPER-CONTROL closes Continue statements by proving exact retained control facts and source-zipper progress without a second command or continuation-construction authority.,ControlFact and source zipper own control; Step owns effects; Action owns visible effects.,SC-06,—,ordinary,C8
SPEC-119,Go spec,Goto_statements,Goto statements,IN,Jump target and target continuation skeleton are retained ControlFacts; Step never recomputes continuation from a source position.,ControlFact and source zipper own control; Step owns effects; Action owns visible effects.,SC-06,—,ordinary,C8
SPEC-120,Go spec,Fallthrough_statements,Fallthrough statements,IN,SC-06-SOURCE-ZIPPER-CONTROL closes Fallthrough statements by proving exact retained control facts and source-zipper progress without a second command or continuation-construction authority.,ControlFact and source zipper own control; Step owns effects; Action owns visible effects.,SC-06,—,ordinary,C8
SPEC-121,Go spec,Defer_statements,Defer statements,IN,SC-06-SOURCE-ZIPPER-CONTROL closes Defer statements by proving exact retained control facts and source-zipper progress without a second command or continuation-construction authority.,ControlFact and source zipper own control; Step owns effects; Action owns visible effects.,SC-06; SC-09,—,ordinary,C9
SPEC-122,Go spec,Built-in_functions,Built-in functions,IN,"SC-15-BUILTINS closes Built-in functions by proving ordinary predeclared binding, builtin-specific use facts, and the exact Step effect.",Predeclared binding facts and builtin-specific use facts own resolution; Step owns runtime effect.,SC-15,—,ordinary,C7
SPEC-123,Go spec,Appending_and_copying_slices,Appending to and copying slices,IN,"append reuses the backing array when existing capacity is sufficient. When allocation is required, Step chooses a fresh backing array with any capacity at least the required length; cap and aliasing observe that choice. copy remains deterministic over the specified overlap rule.",Predeclared binding facts and builtin-specific use facts own resolution; Step owns runtime effect.,SC-15; SC-08; SC-20,—,ordinary,C10
SPEC-124,Go spec,Clear,Clear,IN,"clear removes every map entry, including NaN-keyed entries that lookup and delete cannot retrieve, while preserving the map object; clear on slices writes each element zero value.",Predeclared binding facts and builtin-specific use facts own resolution; Step owns runtime effect.,SC-15; SC-08,—,ordinary,C10
SPEC-125,Go spec,Close,Close,IN,"SC-15-BUILTINS closes Close by proving ordinary predeclared binding, builtin-specific use facts, and the exact Step effect.",Predeclared binding facts and builtin-specific use facts own resolution; Step owns runtime effect.,SC-15; SC-10; SC-08,—,ordinary,C14
SPEC-126,Go spec,Complex_numbers,Manipulating complex numbers,IN,"SC-15-BUILTINS closes Manipulating complex numbers by proving ordinary predeclared binding, builtin-specific use facts, and the exact Step effect.",Predeclared binding facts and builtin-specific use facts own resolution; Step owns runtime effect.,SC-15,—,ordinary,C7
SPEC-127,Go spec,Deletion_of_map_elements,Deletion of map elements,IN,"SC-15-BUILTINS closes Deletion of map elements by proving ordinary predeclared binding, builtin-specific use facts, and the exact Step effect.",Predeclared binding facts and builtin-specific use facts own resolution; Step owns runtime effect.,SC-15; SC-08,—,ordinary,C10
SPEC-128,Go spec,Length_and_capacity,Length and capacity,IN,"SC-15-BUILTINS closes Length and capacity by proving ordinary predeclared binding, builtin-specific use facts, and the exact Step effect.",Predeclared binding facts and builtin-specific use facts own resolution; Step owns runtime effect.,SC-15,—,ordinary,C10
SPEC-129,Go spec,Making_slices_maps_and_channels,"Making slices, maps and channels",IN,"SC-15-BUILTINS closes Making slices, maps and channels by proving ordinary predeclared binding, builtin-specific use facts, and the exact Step effect.",Predeclared binding facts and builtin-specific use facts own resolution; Step owns runtime effect.,SC-15; SC-10; SC-08,—,ordinary,C10
SPEC-130,Go spec,Min_and_max,Min and max,IN,"SC-15-BUILTINS closes Min and max by proving ordinary predeclared binding, builtin-specific use facts, and the exact Step effect.",Predeclared binding facts and builtin-specific use facts own resolution; Step owns runtime effect.,SC-15,—,ordinary,C7
SPEC-131,Go spec,Allocation,Allocation,IN,"SC-15-BUILTINS closes Allocation by proving ordinary predeclared binding, builtin-specific use facts, and the exact Step effect.",Predeclared binding facts and builtin-specific use facts own resolution; Step owns runtime effect.,SC-15; SC-08,—,ordinary,C10
SPEC-132,Go spec,Handling_panics,Handling panics,IN,"SC-15-BUILTINS closes Handling panics by proving ordinary predeclared binding, builtin-specific use facts, and the exact Step effect.",Predeclared binding facts and builtin-specific use facts own resolution; Step owns runtime effect.,SC-15; SC-09,—,ordinary,C9
SPEC-133,Go spec,Bootstrapping,Bootstrapping,IN,print/println are IN only as pinned-toolchain boundary observations; portable output formatting is not claimed by the language theorem.,Predeclared binding facts and builtin-specific use facts own resolution; Step owns runtime effect.,SC-15,—,ordinary,C7
SPEC-134,Go spec,Packages,Packages,IN,"SC-14-PACKAGES-INIT-STARTS-EXIT closes Packages by proving package identity, imports, initialization dependencies, starts, main execution, and absorbing exit.",Package/import facts own package meaning; Start/initial own closed execution roots.,SC-14,—,ordinary,C11
SPEC-135,Go spec,Source_file_organization,Source file organization,IN,"SC-14-PACKAGES-INIT-STARTS-EXIT closes Source file organization by proving package identity, imports, initialization dependencies, starts, main execution, and absorbing exit.",Package/import facts own package meaning; Start/initial own closed execution roots.,SC-14,—,ordinary,C11
SPEC-136,Go spec,Package_clause,Package clause,IN,"SC-14-PACKAGES-INIT-STARTS-EXIT closes Package clause by proving package identity, imports, initialization dependencies, starts, main execution, and absorbing exit.",Package/import facts own package meaning; Start/initial own closed execution roots.,SC-14,—,ordinary,C11
SPEC-137,Go spec,Import_declarations,Import declarations,IN,"SC-14-PACKAGES-INIT-STARTS-EXIT closes Import declarations by proving package identity, imports, initialization dependencies, starts, main execution, and absorbing exit.",Package/import facts own package meaning; Start/initial own closed execution roots.,SC-14,—,ordinary,C11
SPEC-138,Go spec,An_example_package,An example package,IN,"SC-14-PACKAGES-INIT-STARTS-EXIT closes An example package by proving package identity, imports, initialization dependencies, starts, main execution, and absorbing exit.",Package/import facts own package meaning; Start/initial own closed execution roots.,SC-14,—,ordinary,C11
SPEC-139,Go spec,Program_initialization_and_execution,Program initialization and execution,IN,"SC-14-PACKAGES-INIT-STARTS-EXIT closes Program initialization and execution by proving package identity, imports, initialization dependencies, starts, main execution, and absorbing exit.",Proof-carrying initialization plan owns order; Start/initial/Step/final own execution.,SC-14,—,ordinary,C11
SPEC-140,Go spec,The_zero_value,The zero value,IN,"SC-14-PACKAGES-INIT-STARTS-EXIT closes The zero value by proving package identity, imports, initialization dependencies, starts, main execution, and absorbing exit.",Proof-carrying initialization plan owns order; Start/initial/Step/final own execution.,SC-14,—,ordinary,C6
SPEC-141,Go spec,Package_initialization,Package initialization,IN,Compilation retains an initialization dependency partial order. Step chooses any ready initializer allowed by that order when hidden dependencies leave relative order unspecified; cycles cannot inhabit Compilable.Program.,Proof-carrying initialization plan owns order; Start/initial/Step/final own execution.,SC-14; SC-20,—,ordinary,C11
SPEC-142,Go spec,Program_initialization,Program initialization,IN,"SC-14-PACKAGES-INIT-STARTS-EXIT closes Program initialization by proving package identity, imports, initialization dependencies, starts, main execution, and absorbing exit.",Proof-carrying initialization plan owns order; Start/initial/Step/final own execution.,SC-14,—,ordinary,C11
SPEC-143,Go spec,Program_execution,Program execution,IN,"Main return is final and absorbing. External adequacy observes terminal behavior as stdout bytes, the stated stderr projection, and exit status; no remaining goroutine can create a post-main ghost step.",Proof-carrying initialization plan owns order; Start/initial/Step/final own execution.,SC-14; SC-17,—,ordinary,C11
SPEC-144,Go spec,Errors,Errors,IN,Every represented static error has an exact diagnostic constructor; invalid programs cannot mint Compilable.Program.,Elaboration diagnostics own static rejection; Result/BadPrefix own exact runtime terminal failure.,SC-16,—,ordinary,C5
SPEC-145,Go spec,Run_time_panics,Run-time panics,IN,"Runtime panics are structured values, not strings; internal model faults have no source-observable case.",Structured RuntimeError/PanicValue and Finishing transitions own runtime panic behavior.,SC-09; SC-16,—,ordinary,C9
SPEC-146,Go spec,System_considerations,System considerations,OUT,Implementation-specific system behavior outside the pinned language/toolchain claim is not represented.,Unrepresentability boundary in Syntax.Program/import/type constructors; no runtime owner.,Constructor absence and SC-19,"Introduce an explicit target/environment contract and exact boundary failure constructors, then rerun spec closure without changing Machine.",ordinary,OUT
SPEC-147,Go spec,Package_unsafe,Package unsafe,OUT,The unsafe package and its operations are absent from source/import capability and compiler facts.,Unrepresentability boundary in Syntax.Program/import/type constructors; no runtime owner.,Constructor absence and SC-19,"Add a reviewed target/layout authority, pointer provenance and GC visibility model, exact unsafe operation facts, Step rules, rendering, differential fixtures, and new safety cases while keeping SemanticType and Machine as the only authorities.",ordinary,OUT
SPEC-148,Go spec,Size_and_alignment_guarantees,Size and alignment guarantees,OUT,Size/alignment operations are unreachable because package unsafe is OUT; no layout values exist in the model.,Unrepresentability boundary in Syntax.Program/import/type constructors; no runtime owner.,Constructor absence and SC-19,"Pay the unsafe price plus a pinned target-layout proof for every represented type, including zero-size and alignment rules.",ordinary,OUT
SPEC-149,Go spec,Appendix,Appendix,IN,Normative pinning context only; the constructs it references are closed by their own rows.,Version owns the admitted version constructor; TOOLCHAIN.md owns the pinned toolchain identity.,SC-00,—,ordinary,C5
SPEC-150,Go spec,Language_versions,Language versions,IN,Version.Go1_23 is the one admitted language version and Render emits it as the go directive; a further version constructor is a reviewed semantic milestone.,Version owns the admitted version constructor; Render owns the emitted go directive.,SC-00,—,ordinary,C5
SPEC-151,Go spec,Go_1.9,Go 1.9,OUT,Language mode go1.9 is not representable; the only Version constructor is Go1_23.,Unrepresentability boundary in Syntax.Program/import/type constructors; no runtime owner.,Constructor absence and SC-19,"Add a version constructor, version-index every affected compiler fact, rerun the full closure ledger for that version, and pin a matching toolchain.",ordinary,OUT
SPEC-152,Go spec,Go_1.13,Go 1.13,OUT,Language mode go1.13 is not representable; the only Version constructor is Go1_23.,Unrepresentability boundary in Syntax.Program/import/type constructors; no runtime owner.,Constructor absence and SC-19,"Add a version constructor, version-index every affected compiler fact, rerun the full closure ledger for that version, and pin a matching toolchain.",ordinary,OUT
SPEC-153,Go spec,Go_1.14,Go 1.14,OUT,Language mode go1.14 is not representable; the only Version constructor is Go1_23.,Unrepresentability boundary in Syntax.Program/import/type constructors; no runtime owner.,Constructor absence and SC-19,"Add a version constructor, version-index every affected compiler fact, rerun the full closure ledger for that version, and pin a matching toolchain.",ordinary,OUT
SPEC-154,Go spec,Go_1.17,Go 1.17,OUT,Language mode go1.17 is not representable; the only Version constructor is Go1_23.,Unrepresentability boundary in Syntax.Program/import/type constructors; no runtime owner.,Constructor absence and SC-19,"Add a version constructor, version-index every affected compiler fact, rerun the full closure ledger for that version, and pin a matching toolchain.",ordinary,OUT
SPEC-155,Go spec,Go_1.18,Go 1.18,OUT,Language mode go1.18 is not representable; the only Version constructor is Go1_23.,Unrepresentability boundary in Syntax.Program/import/type constructors; no runtime owner.,Constructor absence and SC-19,"Add a version constructor, version-index every affected compiler fact, rerun the full closure ledger for that version, and pin a matching toolchain.",ordinary,OUT
SPEC-156,Go spec,Go_1.20,Go 1.20,OUT,Language mode go1.20 is not representable; the only Version constructor is Go1_23.,Unrepresentability boundary in Syntax.Program/import/type constructors; no runtime owner.,Constructor absence and SC-19,"Add a version constructor, version-index every affected compiler fact, rerun the full closure ledger for that version, and pin a matching toolchain.",ordinary,OUT
SPEC-157,Go spec,Go_1.21,Go 1.21,OUT,Language mode go1.21 is not representable; the only Version constructor is Go1_23.,Unrepresentability boundary in Syntax.Program/import/type constructors; no runtime owner.,Constructor absence and SC-19,"Add a version constructor, version-index every affected compiler fact, rerun the full closure ledger for that version, and pin a matching toolchain.",ordinary,OUT
SPEC-158,Go spec,Go_1.22,Go 1.22,OUT,Language mode go1.22 is not representable; the only Version constructor is Go1_23.,Unrepresentability boundary in Syntax.Program/import/type constructors; no runtime owner.,Constructor absence and SC-19,"Add a version constructor, version-index every affected compiler fact, rerun the full closure ledger for that version, and pin a matching toolchain.",ordinary,OUT
SPEC-159,Go spec,Go_1.23,Go 1.23,IN,Go 1.23 is the pinned language version. Version.Go1_23 is its one admitted constructor and TOOLCHAIN.md owns the pinned toolchain identity.,Version owns the admitted version constructor; TOOLCHAIN.md owns the pinned toolchain identity.,SC-00,—,ordinary,C5
SPEC-160,Go spec,Type_unification_rules,Type unification rules,IN,The appendix rules are the one compiler unification authority used by inference and generic/interface closing substitution.,Version/spec pin and compiler type-unification facts own the pinned-version meaning.,SC-04,—,ordinary,C13
SPEC-X001,Go spec,Source_code_representation/raw_input,Raw source parser and original byte-preserving source ingestion,OUT,No parser or raw-source fallback exists; Syntax.Program is constructed structurally and rendering is canonical.,Unrepresentability at the input boundary; Syntax.Program remains the sole source authority.,SC-19,"Add an independently verified parser/decoder boundary, source-position/trivia policy, soundness and completeness proofs, and fail-closed construction of the same Syntax.Program. The parser may not become a production semantic authority.",ordinary,OUT
SPEC-X002,Go spec,String_literals/raw,Raw string literal source form,OUT,"Exact string bytes are representable, but raw-string spelling is not a source constructor.",Unrepresentability in the literal source form; string value meaning remains in Compilable.ExpressionFact/TypedConstant.,SC-19,"Add a source-only raw-string constructor or spelling witness, exact raw-literal decoder, renderer, and differential fixtures. Runtime Value and Machine remain unchanged.",ordinary,OUT
SPEC-X003,Go spec,Numeric_types/uintptr,uintptr basic type and its ordinary integer operations,OUT,uintptr has no SemanticType constructor or predeclared binding in the accepted architecture scope.,Unrepresentability in type syntax and predeclared bindings.,SC-19,"Reopen ADR-0001 or adopt a replacement target decision, then pay the full `uintptr` representation, typing, lowering, target-adequacy, and proof price. unsafe.Pointer conversions remain separately OUT.",ordinary,OUT
SPEC-X004,Go spec,Predeclared_identifiers/blank,Blank identifier occurrences,IN,Blank uses have a distinct BlankUseRef; they are not IdentifierUseRef and never produce BindingFact. Their exact use fact enforces evaluation and discard.,BlankUseFact owns context; Step performs required evaluation and creates no binding.,SC-03; SC-05,—,ordinary,C6
SPEC-X005,Go spec,Built-in_functions/print_println,Predeclared print and println,IN,print and println resolve as ordinary predeclared objects and evaluate operands formally. Exact text and stream are not language theorems; under the pinned toolchain their Output actions are checked against stderr in the terminal observation tuple.,Binding/use facts own resolution; Step emits Output Action; adequacy layer checks pinned cmd/go behavior.,SC-15; SC-17; SC-20,—,ordinary,C7
SPEC-X006,Go spec,For_range/map_order,Map range iteration order,IN,Each next-key choice is Step nondeterminism over the current map key set; the chosen key and range source occurrence are retained in the ordinary visible Action and checked by run membership.,Step owns choice; Action owns the resolved choice; map state owns current keys.,SC-11; SC-17; SC-20,—,ordinary,C11
SPEC-X007,Go spec,Maps/concurrent_runtime_throw,Runtime-specific concurrent map fatal throw,OUT,No fatal-throw behavior is represented. Programs that reach concurrent conflicting map accesses are rejected by Property through DataRace BadPrefix.,Unrepresentability in Result/PanicValue; race safety owns exclusion.,SC-19; SC-12,"To include the runtime throw, pin exact runtime implementation behavior and add a distinct non-recoverable Result/Action with adequacy tests. It must not be modeled as Go panic.",ordinary,OUT
BOUND-001,Pinned cmd/go module/toolchain documentation,go.mod/go,Emitted go directive and language-version selection,IN,Emit.Image emits exactly `go 1.23`. That directive selects the same language version as this ledger; any change is a ledger-revision event under human review.,Module rendering fact owns the directive bytes; the pinned language ledger owns language meaning; cmd/go adequacy owns external enforcement.,SC-14; SC-17,—,ordinary,C11
BOUND-002,Pinned cmd/go module/toolchain documentation,go.mod/module,Emitted module directive and ModulePath.T authority,IN,Emit.Image emits one module directive whose path is exactly the accepted ModulePath.T fact. Import/package resolution consumes that same identity and never re-parses or rewrites it.,ModulePath.T and retained package facts own identity; Render owns bytes; pinned cmd/go adequacy consumes the rendered directive.,SC-14; SC-17,—,ordinary,C11
BOUND-003,Pinned cmd/go module/toolchain documentation,toolchain/GOTOOLCHAIN,Pinned toolchain selection and no-switch invocation,IN,"Validate-then-publish invokes the exact pinned go1.23.2 linux/amd64 binary with GOTOOLCHAIN=local, GOENV=off, and GOWORK=off. The go or toolchain directives cannot switch executors under this contract.",External adequacy invocation contract owns process environment and binary identity; no GoMachine state or Step rule represents toolchain selection.,SC-17,—,ordinary,C16
BOUND-X001,Extra-spec,reflect,Package reflect and runtime reflection,OUT,"No reflection package contract, runtime Type/Value descriptor API, field metadata exposure, dynamic invocation, or reflective mutation is representable.",Import/package-contract unrepresentability; SemanticType remains the one type authority.,SC-19,"Retain complete runtime type descriptors derived from SemanticType; specify Type identity, Value addressability/settable rules, exported/unexported access, method metadata, MakeFunc, Select, MapRange, conversions, mutation, panic behavior, and GC reachability. Add a proved package contract consumed by the same Machine. Any peer runtime type registry is forbidden.",ordinary,OUT
BOUND-X002,Extra-spec,standard_library,Standard-library package semantics other than explicitly contracted built-ins,OUT,"Imports may be represented, but no library call gains meaning without a frozen package contract.",Package-contract boundary; unresolved external calls cannot inhabit a closed Start.,SC-19,"Add one package contract at a time with exact types, effects, blocking, panic/error behavior, external boundary, Step rules, safety cases, and pinned differential tests. No generic host-call escape is allowed.",ordinary,OUT
BOUND-X003,Extra-spec,cgo_assembly_directives,"cgo, assembly, compiler/linker directives, //go:linkname, and toolchain pragmas",OUT,"No source constructors, build pipeline, or external semantics exist for these extensions.",Source/import/build unrepresentability.,SC-19,"Add exact source forms, toolchain phase semantics, ABI and external-state contracts, trust-boundary review, rendering, and differential fixtures. Each extension is a separate priced decision.",ordinary,OUT
BOUND-X004,Extra-spec,build_constraints,Build constraints and filename-based conditional compilation,OUT,The current source map equals the compiled file set; no build-tag or GOOS/GOARCH filename filtering is representable.,File/source unrepresentability.,SC-19,"Add source/file selection facts indexed by the pinned build context, exact cmd/go matching, duplicate/package rules after selection, and differential fixtures. Syntax.Program remains the selected-source authority after the phase.",ordinary,OUT
BOUND-X005,Extra-spec,runtime_finalizers,Runtime finalizers and GC-timed callbacks,OUT,"No finalizer registration, reachability-triggered callback, or GC scheduling action exists.",Package-contract and Machine action unrepresentability.,SC-19,"Add reachability and liveness semantics, finalizer registration objects, nondeterministic callback scheduling, resurrection rules, synchronization edges, and safety/adequacy tests without adding a scheduler authority.",ordinary,OUT
BOUND-X006,Extra-spec,plugins_dynamic_loading,"Plugins, dynamic loading, and open-world code identity",OUT,Starts are closed over one Compilable.Program; no runtime code loading or foreign declaration identity exists.,Closed-world Start/Compilable.Program boundary.,SC-19,"Add versioned module/ABI identities, proof-carrying imported code capabilities, dynamic symbol facts, loader failures, and open-world safety contracts while preserving one Machine per closed linked program.",ordinary,OUT
MEM-001,Go memory model,introduction,Introduction,IN,The Introduction requirements constrain traces generated by GoMachine and the race/HB theorems.,Pinned memory-model contract and derived run/event relations; no second execution semantics.,SC-12,—,ordinary,C15
MEM-002,Go memory model,advice,Advice,IN,The Advice requirements constrain traces generated by GoMachine and the race/HB theorems.,Pinned memory-model contract and derived run/event relations; no second execution semantics.,SC-12,—,ordinary,C15
MEM-003,Go memory model,overview,Informal Overview,IN,The Informal Overview requirements constrain traces generated by GoMachine and the race/HB theorems.,Pinned memory-model contract and derived run/event relations; no second execution semantics.,SC-12,—,ordinary,C15
MEM-004,Go memory model,model,Memory Model,IN,The Memory Model requirements constrain traces generated by GoMachine and the race/HB theorems.,Pinned memory-model contract and derived run/event relations; no second execution semantics.,SC-12,—,ordinary,C15
MEM-005,Go memory model,restrictions,Implementation Restrictions for Programs Containing Data Races,IN,The Implementation Restrictions for Programs Containing Data Races requirements constrain traces generated by GoMachine and the race/HB theorems.,Pinned memory-model contract and derived run/event relations; no second execution semantics.,SC-12,—,ordinary,C15
MEM-006,Go memory model,synchronization,Synchronization,IN,The Synchronization meaning is a theorem over GoMachine traces.,Pinned memory-model contract and derived trace relations.,SC-12,—,ordinary,C15
MEM-007,Go memory model,init,Initialization,IN,Initialization happens-before edges derive from the one initialization run.,Proof-carrying package initialization plan and derived initialization Action order.,SC-12,—,ordinary,C15
MEM-008,Go memory model,go,Goroutine creation,IN,Goroutine creation edge derives from the spawn action to the child start phase.,Spawn Step/Action and child goroutine identity.,SC-12,—,ordinary,C15
MEM-009,Go memory model,goexit,Goroutine destruction,OUT,runtime.Goexit package behavior is not representable.,Package-contract unrepresentability; no synchronization edge exists.,SC-19,Add a runtime package contract and a distinct finishing reason whose defer behavior uses the same activation machine.,ordinary,OUT
MEM-010,Go memory model,chan,Channel communication,IN,"All four named channel edges are explicit SC-12 obligations, including capacity and receive-before-send-complete.","Channel Step/Action, resource-local communication origins, and derived phase graph.",SC-12,—,ordinary,C15
MEM-011,Go memory model,locks,Locks,OUT,sync.Mutex/RWMutex are not representable without a package contract.,Package-contract unrepresentability; no synchronization edge exists.,SC-19,"Add typed lock objects, lock/unlock Actions, exact synchronization edges, misuse behavior, and package adequacy.",ordinary,OUT
MEM-012,Go memory model,once,Once,OUT,sync.Once is not representable without a package contract.,Package-contract unrepresentability; no synchronization edge exists.,SC-19,"Add Once object state, call completion/panic rules, synchronization Action, and package adequacy.",ordinary,OUT
MEM-013,Go memory model,atomic,Atomic Values,OUT,sync/atomic operations are not representable without a package contract.,Package-contract unrepresentability; no synchronization edge exists.,SC-19,"Add typed atomic objects/operations, total order or specified ordering facts, Actions, and race-model integration.",ordinary,OUT
MEM-014,Go memory model,finalizer,Finalizers,OUT,Finalizers are explicitly OUT in BOUND-X005.,Package-contract unrepresentability; no synchronization edge exists.,SC-19,Pay BOUND-X005 in full.,ordinary,OUT
MEM-015,Go memory model,more,Additional Mechanisms,OUT,Additional library synchronization mechanisms have no implicit meaning.,Package-contract unrepresentability; no synchronization edge exists.,SC-19,Each package/API gets an exact contract and memory-model edges; no host-library escape.,ordinary,OUT
MEM-016,Go memory model,badsync,Incorrect synchronization,IN,The Incorrect synchronization requirements constrain traces generated by GoMachine and the race/HB theorems.,Pinned memory-model contract and derived run/event relations; no second execution semantics.,SC-12,—,ordinary,C15
MEM-017,Go memory model,badcompiler,Incorrect compilation,IN,The Incorrect compilation requirements constrain traces generated by GoMachine and the race/HB theorems.,Pinned memory-model contract and derived run/event relations; no second execution semantics.,SC-12,—,ordinary,C15
MEM-018,Go memory model,conclusion,Conclusion,IN,The Conclusion requirements constrain traces generated by GoMachine and the race/HB theorems.,Pinned memory-model contract and derived run/event relations; no second execution semantics.,SC-12,—,ordinary,C15
SPEC-X008,Go spec,For_range/integer,Range over integer,IN,"The source zipper evaluates the range expression once, closes the iteration type through retained use facts, and yields 0 through n-1 in increasing order; n <= 0 yields no iteration.",ExprUseFact owns iteration typing; Step/source zipper owns sequence and fresh per-iteration variables.,SC-05; SC-06,—,ordinary,C11
SPEC-X009,Go spec,For_range/function,Range over iterator function,IN,Step creates the one exact private RangeYieldCallable tied to the range source reference and continuation. Yield calls transfer values into fresh iteration variables and return true/false under the pinned rule.,Compiler signature/use facts own eligibility; source zipper and Step own the synthesized yield behavior; RuntimeError owns misuse panic.,SC-06; SC-07; SC-16,—,ordinary,C11
SPEC-X010,Go spec,For_range/string_utf8,String range decoding and invalid UTF-8 replacement,IN,String bytes yield exact byte indices and runes; invalid UTF-8 yields U+FFFD and advances one byte.,String Value owns bytes; Step/source zipper owns decoding progress and yielded values.,SC-06; SC-02,—,ordinary,C11
BOUND-X007,Extra-spec,cmd_go_build,Pinned one-shot cmd/go module build contract,IN,"Fido retains the exact module/source tree, fresh-build preflight facts, rendered Emit.Image, and pinned go build ./... adequacy evidence.",ProgramFacts owns accepted module/package logic; Emit.Image owns bytes; external adequacy owns the pinned cmd/go result.,SC-14; SC-17,—,ordinary,C11
BOUND-X008,Extra-spec,platform_resource_and_tamper,Platform resource limits and hostile local-verifier tampering,OUT,"Filesystem length/space/inode limits, memory exhaustion, and deliberate local verifier bypass are outside the formal language and cooperative publication claim.",Explicit OS/threat boundary; no GoMachine constructor.,SC-19,"Choose and pin a concrete platform resource/threat model, add exact boundary failures and remote attestation/CI controls as applicable, then update the scope ledger. Do not encode magic source bounds.",ordinary,OUT
BOUND-X009,Extra-spec,uncontracted_toolchain_behavior,Other Go compiler/runtime implementation behavior,OUT,"Any toolchain behavior not named by an IN language row, memory-model row, package contract, or pinned cmd/go boundary has no formal meaning.",External adequacy boundary; absent behavior cannot enter GoMachine through a catch-all.,SC-19,"Write an exact implementation-specific contract, pin the toolchain behavior, add one owner, formal rules or boundary observations, and differential fixtures. No generic implementation-defined escape is allowed.",ordinary,OUT
GRAM-001,Go grammar,Notation/Syntax,Grammar production `Syntax`,IN,The `Syntax` production is admitted only through the source constructors and static facts assigned to `Notation`. Its production head is frozen in the grammar manifest.,Pinned-spec record and source grammar contracts; no runtime node.,SC-00,—,ordinary,C5
GRAM-002,Go grammar,Notation/Production,Grammar production `Production`,IN,The `Production` production is admitted only through the source constructors and static facts assigned to `Notation`. Its production head is frozen in the grammar manifest.,Pinned-spec record and source grammar contracts; no runtime node.,SC-00,—,ordinary,C5
GRAM-003,Go grammar,Notation/Expression,Grammar production `Expression`,IN,The `Expression` production is admitted only through the source constructors and static facts assigned to `Notation`. Its production head is frozen in the grammar manifest.,Pinned-spec record and source grammar contracts; no runtime node.,SC-00,—,ordinary,C5
GRAM-004,Go grammar,Notation/Term,Grammar production `Term`,IN,The `Term` production is admitted only through the source constructors and static facts assigned to `Notation`. Its production head is frozen in the grammar manifest.,Pinned-spec record and source grammar contracts; no runtime node.,SC-00,—,ordinary,C5
GRAM-005,Go grammar,Notation/Factor,Grammar production `Factor`,IN,The `Factor` production is admitted only through the source constructors and static facts assigned to `Notation`. Its production head is frozen in the grammar manifest.,Pinned-spec record and source grammar contracts; no runtime node.,SC-00,—,ordinary,C5
GRAM-006,Go grammar,Notation/Group,Grammar production `Group`,IN,The `Group` production is admitted only through the source constructors and static facts assigned to `Notation`. Its production head is frozen in the grammar manifest.,Pinned-spec record and source grammar contracts; no runtime node.,SC-00,—,ordinary,C5
GRAM-007,Go grammar,Notation/Option,Grammar production `Option`,IN,The `Option` production is admitted only through the source constructors and static facts assigned to `Notation`. Its production head is frozen in the grammar manifest.,Pinned-spec record and source grammar contracts; no runtime node.,SC-00,—,ordinary,C5
GRAM-008,Go grammar,Notation/Repetition,Grammar production `Repetition`,IN,The `Repetition` production is admitted only through the source constructors and static facts assigned to `Notation`. Its production head is frozen in the grammar manifest.,Pinned-spec record and source grammar contracts; no runtime node.,SC-00,—,ordinary,C5
GRAM-009,Go grammar,Characters/newline,Grammar production `newline`,IN,The `newline` production is admitted only through the source constructors and static facts assigned to `Characters`. Its production head is frozen in the grammar manifest.,Syntax.Program validity constructors/facts own admitted source values; Render owns canonical UTF-8 bytes.,SC-01,—,ordinary,C5
GRAM-010,Go grammar,Characters/unicode_char,Grammar production `unicode_char`,IN,The `unicode_char` production is admitted only through the source constructors and static facts assigned to `Characters`. Its production head is frozen in the grammar manifest.,Syntax.Program validity constructors/facts own admitted source values; Render owns canonical UTF-8 bytes.,SC-01,—,ordinary,C5
GRAM-011,Go grammar,Characters/unicode_letter,Grammar production `unicode_letter`,IN,The `unicode_letter` production is admitted only through the source constructors and static facts assigned to `Characters`. Its production head is frozen in the grammar manifest.,Syntax.Program validity constructors/facts own admitted source values; Render owns canonical UTF-8 bytes.,SC-01,—,ordinary,C5
GRAM-012,Go grammar,Characters/unicode_digit,Grammar production `unicode_digit`,IN,The `unicode_digit` production is admitted only through the source constructors and static facts assigned to `Characters`. Its production head is frozen in the grammar manifest.,Syntax.Program validity constructors/facts own admitted source values; Render owns canonical UTF-8 bytes.,SC-01,—,ordinary,C5
GRAM-013,Go grammar,Letters_and_digits/letter,Grammar production `letter`,IN,The `letter` production is admitted only through the source constructors and static facts assigned to `Letters_and_digits`. Its production head is frozen in the grammar manifest.,Syntax.Program validity constructors/facts own admitted source values; Render owns canonical UTF-8 bytes.,SC-01,—,ordinary,C5
GRAM-014,Go grammar,Letters_and_digits/decimal_digit,Grammar production `decimal_digit`,IN,The `decimal_digit` production is admitted only through the source constructors and static facts assigned to `Letters_and_digits`. Its production head is frozen in the grammar manifest.,Syntax.Program validity constructors/facts own admitted source values; Render owns canonical UTF-8 bytes.,SC-01,—,ordinary,C5
GRAM-015,Go grammar,Letters_and_digits/binary_digit,Grammar production `binary_digit`,IN,The `binary_digit` production is admitted only through the source constructors and static facts assigned to `Letters_and_digits`. Its production head is frozen in the grammar manifest.,Syntax.Program validity constructors/facts own admitted source values; Render owns canonical UTF-8 bytes.,SC-01,—,ordinary,C5
GRAM-016,Go grammar,Letters_and_digits/octal_digit,Grammar production `octal_digit`,IN,The `octal_digit` production is admitted only through the source constructors and static facts assigned to `Letters_and_digits`. Its production head is frozen in the grammar manifest.,Syntax.Program validity constructors/facts own admitted source values; Render owns canonical UTF-8 bytes.,SC-01,—,ordinary,C5
GRAM-017,Go grammar,Letters_and_digits/hex_digit,Grammar production `hex_digit`,IN,The `hex_digit` production is admitted only through the source constructors and static facts assigned to `Letters_and_digits`. Its production head is frozen in the grammar manifest.,Syntax.Program validity constructors/facts own admitted source values; Render owns canonical UTF-8 bytes.,SC-01,—,ordinary,C5
GRAM-018,Go grammar,Identifiers/identifier,Grammar production `identifier`,IN,The `identifier` production is admitted only through the source constructors and static facts assigned to `Identifiers`. Its production head is frozen in the grammar manifest.,Names.identifier_ok owns admitted identifier spelling; Render owns exact byte emission.,SC-01,—,ordinary,C5
GRAM-019,Go grammar,Integer_literals/Typing.integer_literal,Grammar production `Typing.integer_literal`,IN,The `Typing.integer_literal` production is admitted only through the source constructors and static facts assigned to `Integer_literals`. Its production head is frozen in the grammar manifest.,Syntax.Program constructors own admitted lexical values; Render owns canonical token spelling and semicolon placement.,SC-02; SC-01,—,ordinary,C7
GRAM-020,Go grammar,Integer_literals/decimal_lit,Grammar production `decimal_lit`,IN,The `decimal_lit` production is admitted only through the source constructors and static facts assigned to `Integer_literals`. Its production head is frozen in the grammar manifest.,Syntax.Program constructors own admitted lexical values; Render owns canonical token spelling and semicolon placement.,SC-02; SC-01,—,ordinary,C7
GRAM-021,Go grammar,Integer_literals/binary_lit,Grammar production `binary_lit`,IN,The `binary_lit` production is admitted only through the source constructors and static facts assigned to `Integer_literals`. Its production head is frozen in the grammar manifest.,Syntax.Program constructors own admitted lexical values; Render owns canonical token spelling and semicolon placement.,SC-02; SC-01,—,ordinary,C7
GRAM-022,Go grammar,Integer_literals/octal_lit,Grammar production `octal_lit`,IN,The `octal_lit` production is admitted only through the source constructors and static facts assigned to `Integer_literals`. Its production head is frozen in the grammar manifest.,Syntax.Program constructors own admitted lexical values; Render owns canonical token spelling and semicolon placement.,SC-02; SC-01,—,ordinary,C7
GRAM-023,Go grammar,Integer_literals/hex_lit,Grammar production `hex_lit`,IN,The `hex_lit` production is admitted only through the source constructors and static facts assigned to `Integer_literals`. Its production head is frozen in the grammar manifest.,Syntax.Program constructors own admitted lexical values; Render owns canonical token spelling and semicolon placement.,SC-02; SC-01,—,ordinary,C7
GRAM-024,Go grammar,Integer_literals/decimal_digits,Grammar production `decimal_digits`,IN,The `decimal_digits` production is admitted only through the source constructors and static facts assigned to `Integer_literals`. Its production head is frozen in the grammar manifest.,Syntax.Program constructors own admitted lexical values; Render owns canonical token spelling and semicolon placement.,SC-02; SC-01,—,ordinary,C7
GRAM-025,Go grammar,Integer_literals/binary_digits,Grammar production `binary_digits`,IN,The `binary_digits` production is admitted only through the source constructors and static facts assigned to `Integer_literals`. Its production head is frozen in the grammar manifest.,Syntax.Program constructors own admitted lexical values; Render owns canonical token spelling and semicolon placement.,SC-02; SC-01,—,ordinary,C7
GRAM-026,Go grammar,Integer_literals/octal_digits,Grammar production `octal_digits`,IN,The `octal_digits` production is admitted only through the source constructors and static facts assigned to `Integer_literals`. Its production head is frozen in the grammar manifest.,Syntax.Program constructors own admitted lexical values; Render owns canonical token spelling and semicolon placement.,SC-02; SC-01,—,ordinary,C7
GRAM-027,Go grammar,Integer_literals/hex_digits,Grammar production `hex_digits`,IN,The `hex_digits` production is admitted only through the source constructors and static facts assigned to `Integer_literals`. Its production head is frozen in the grammar manifest.,Syntax.Program constructors own admitted lexical values; Render owns canonical token spelling and semicolon placement.,SC-02; SC-01,—,ordinary,C7
GRAM-028,Go grammar,Floating-point_literals/float_lit,Grammar production `float_lit`,IN,The `float_lit` production is admitted only through the source constructors and static facts assigned to `Floating-point_literals`. Its production head is frozen in the grammar manifest.,Syntax.Program constructors own admitted lexical values; Render owns canonical token spelling and semicolon placement.,SC-02; SC-01,—,ordinary,C7
GRAM-029,Go grammar,Floating-point_literals/decimal_float_lit,Grammar production `decimal_float_lit`,IN,The `decimal_float_lit` production is admitted only through the source constructors and static facts assigned to `Floating-point_literals`. Its production head is frozen in the grammar manifest.,Syntax.Program constructors own admitted lexical values; Render owns canonical token spelling and semicolon placement.,SC-02; SC-01,—,ordinary,C7
GRAM-030,Go grammar,Floating-point_literals/decimal_exponent,Grammar production `decimal_exponent`,IN,The `decimal_exponent` production is admitted only through the source constructors and static facts assigned to `Floating-point_literals`. Its production head is frozen in the grammar manifest.,Syntax.Program constructors own admitted lexical values; Render owns canonical token spelling and semicolon placement.,SC-02; SC-01,—,ordinary,C7
GRAM-031,Go grammar,Floating-point_literals/hex_float_lit,Grammar production `hex_float_lit`,IN,The `hex_float_lit` production is admitted only through the source constructors and static facts assigned to `Floating-point_literals`. Its production head is frozen in the grammar manifest.,Syntax.Program constructors own admitted lexical values; Render owns canonical token spelling and semicolon placement.,SC-02; SC-01,—,ordinary,C7
GRAM-032,Go grammar,Floating-point_literals/hex_mantissa,Grammar production `hex_mantissa`,IN,The `hex_mantissa` production is admitted only through the source constructors and static facts assigned to `Floating-point_literals`. Its production head is frozen in the grammar manifest.,Syntax.Program constructors own admitted lexical values; Render owns canonical token spelling and semicolon placement.,SC-02; SC-01,—,ordinary,C7
GRAM-033,Go grammar,Floating-point_literals/hex_exponent,Grammar production `hex_exponent`,IN,The `hex_exponent` production is admitted only through the source constructors and static facts assigned to `Floating-point_literals`. Its production head is frozen in the grammar manifest.,Syntax.Program constructors own admitted lexical values; Render owns canonical token spelling and semicolon placement.,SC-02; SC-01,—,ordinary,C7
GRAM-034,Go grammar,Imaginary_literals/imaginary_lit,Grammar production `imaginary_lit`,IN,The `imaginary_lit` production is admitted only through the source constructors and static facts assigned to `Imaginary_literals`. Its production head is frozen in the grammar manifest.,Syntax.Program constructors own admitted lexical values; Render owns canonical token spelling and semicolon placement.,SC-02; SC-01,—,ordinary,C7
GRAM-035,Go grammar,Rune_literals/rune_lit,Grammar production `rune_lit`,IN,The `rune_lit` production is admitted only through the source constructors and static facts assigned to `Rune_literals`. Its production head is frozen in the grammar manifest.,Syntax.Program constructors own admitted lexical values; Render owns canonical token spelling and semicolon placement.,SC-02; SC-01,—,ordinary,C7
GRAM-036,Go grammar,Rune_literals/unicode_value,Grammar production `unicode_value`,IN,The `unicode_value` production is admitted only through the source constructors and static facts assigned to `Rune_literals`. Its production head is frozen in the grammar manifest.,Syntax.Program constructors own admitted lexical values; Render owns canonical token spelling and semicolon placement.,SC-02; SC-01,—,ordinary,C7
GRAM-037,Go grammar,Rune_literals/byte_value,Grammar production `byte_value`,IN,The `byte_value` production is admitted only through the source constructors and static facts assigned to `Rune_literals`. Its production head is frozen in the grammar manifest.,Syntax.Program constructors own admitted lexical values; Render owns canonical token spelling and semicolon placement.,SC-02; SC-01,—,ordinary,C7
GRAM-038,Go grammar,Rune_literals/octal_byte_value,Grammar production `octal_byte_value`,IN,The `octal_byte_value` production is admitted only through the source constructors and static facts assigned to `Rune_literals`. Its production head is frozen in the grammar manifest.,Syntax.Program constructors own admitted lexical values; Render owns canonical token spelling and semicolon placement.,SC-02; SC-01,—,ordinary,C7
GRAM-039,Go grammar,Rune_literals/hex_byte_value,Grammar production `hex_byte_value`,IN,The `hex_byte_value` production is admitted only through the source constructors and static facts assigned to `Rune_literals`. Its production head is frozen in the grammar manifest.,Syntax.Program constructors own admitted lexical values; Render owns canonical token spelling and semicolon placement.,SC-02; SC-01,—,ordinary,C7
GRAM-040,Go grammar,Rune_literals/little_u_value,Grammar production `little_u_value`,IN,The `little_u_value` production is admitted only through the source constructors and static facts assigned to `Rune_literals`. Its production head is frozen in the grammar manifest.,Syntax.Program constructors own admitted lexical values; Render owns canonical token spelling and semicolon placement.,SC-02; SC-01,—,ordinary,C7
GRAM-041,Go grammar,Rune_literals/big_u_value,Grammar production `big_u_value`,IN,The `big_u_value` production is admitted only through the source constructors and static facts assigned to `Rune_literals`. Its production head is frozen in the grammar manifest.,Syntax.Program constructors own admitted lexical values; Render owns canonical token spelling and semicolon placement.,SC-02; SC-01,—,ordinary,C7
GRAM-042,Go grammar,Rune_literals/escaped_char,Grammar production `escaped_char`,IN,The `escaped_char` production is admitted only through the source constructors and static facts assigned to `Rune_literals`. Its production head is frozen in the grammar manifest.,Syntax.Program constructors own admitted lexical values; Render owns canonical token spelling and semicolon placement.,SC-02; SC-01,—,ordinary,C7
GRAM-043,Go grammar,String_literals/string_lit,Grammar production `string_lit`,IN,The sum production is closed by branch rows: interpreted_string_lit is IN and raw_string_lit is OUT. No unlisted branch exists.,Syntax.Program constructors own admitted lexical values; Render owns canonical token spelling and semicolon placement.,SC-02; SC-01,—,ordinary,C7
GRAM-044,Go grammar,String_literals/raw_string_lit,Grammar production `raw_string_lit`,OUT,The raw-string grammar branch has no Syntax.Program constructor; exact string bytes remain representable through interpreted literals.,Source-form unrepresentability; string value meaning remains with literal facts.,SC-19,"Add a source-only raw-string form, exact decoder, canonical or preserved rendering policy, and pinned differential fixtures without changing Value or Machine.",ordinary,OUT
GRAM-045,Go grammar,String_literals/interpreted_string_lit,Grammar production `interpreted_string_lit`,IN,The `interpreted_string_lit` production is admitted only through the source constructors and static facts assigned to `String_literals`. Its production head is frozen in the grammar manifest.,Syntax.Program constructors own admitted lexical values; Render owns canonical token spelling and semicolon placement.,SC-02; SC-01,—,ordinary,C7
GRAM-046,Go grammar,Types/Type,Grammar production `Type`,IN,The `Type` production is admitted only through the source constructors and static facts assigned to `Types`. Its production head is frozen in the grammar manifest.,SemanticType and retained compiler relations own all type meaning; Value and Step consume closed runtime types.,SC-04,—,ordinary,C6
GRAM-047,Go grammar,Types/TypeName,Grammar production `TypeName`,IN,The `TypeName` production is admitted only through the source constructors and static facts assigned to `Types`. Its production head is frozen in the grammar manifest.,SemanticType and retained compiler relations own all type meaning; Value and Step consume closed runtime types.,SC-04,—,ordinary,C6
GRAM-048,Go grammar,Types/TypeArgs,Grammar production `TypeArgs`,IN,The `TypeArgs` production is admitted only through the source constructors and static facts assigned to `Types`. Its production head is frozen in the grammar manifest.,SemanticType and retained compiler relations own all type meaning; Value and Step consume closed runtime types.,SC-04,—,ordinary,C13
GRAM-049,Go grammar,Types/TypeList,Grammar production `TypeList`,IN,The `TypeList` production is admitted only through the source constructors and static facts assigned to `Types`. Its production head is frozen in the grammar manifest.,SemanticType and retained compiler relations own all type meaning; Value and Step consume closed runtime types.,SC-04,—,ordinary,C13
GRAM-050,Go grammar,Types/TypeLit,Grammar production `TypeLit`,IN,The `TypeLit` production is admitted only through the source constructors and static facts assigned to `Types`. Its production head is frozen in the grammar manifest.,SemanticType and retained compiler relations own all type meaning; Value and Step consume closed runtime types.,SC-04,—,ordinary,C6
GRAM-051,Go grammar,Array_types/ArrayType,Grammar production `ArrayType`,IN,The `ArrayType` production is admitted only through the source constructors and static facts assigned to `Array_types`. Its production head is frozen in the grammar manifest.,SemanticType and retained compiler relations own all type meaning; Value and Step consume closed runtime types.,SC-04,—,ordinary,C10
GRAM-052,Go grammar,Array_types/ArrayLength,Grammar production `ArrayLength`,IN,The `ArrayLength` production is admitted only through the source constructors and static facts assigned to `Array_types`. Its production head is frozen in the grammar manifest.,SemanticType and retained compiler relations own all type meaning; Value and Step consume closed runtime types.,SC-04,—,ordinary,C10
GRAM-053,Go grammar,Array_types/ElementType,Grammar production `ElementType`,IN,The `ElementType` production is admitted only through the source constructors and static facts assigned to `Array_types`. Its production head is frozen in the grammar manifest.,SemanticType and retained compiler relations own all type meaning; Value and Step consume closed runtime types.,SC-04,—,ordinary,C10
GRAM-054,Go grammar,Slice_types/SliceType,Grammar production `SliceType`,IN,The `SliceType` production is admitted only through the source constructors and static facts assigned to `Slice_types`. Its production head is frozen in the grammar manifest.,SemanticType and retained compiler relations own all type meaning; Value and Step consume closed runtime types.,SC-04,—,ordinary,C10
GRAM-055,Go grammar,Struct_types/StructType,Grammar production `StructType`,IN,The `StructType` production is admitted only through the source constructors and static facts assigned to `Struct_types`. Its production head is frozen in the grammar manifest.,SemanticType and retained compiler relations own all type meaning; Value and Step consume closed runtime types.,SC-04,—,ordinary,C10
GRAM-056,Go grammar,Struct_types/FieldDecl,Grammar production `FieldDecl`,IN,The `FieldDecl` production is admitted only through the source constructors and static facts assigned to `Struct_types`. Its production head is frozen in the grammar manifest.,SemanticType and retained compiler relations own all type meaning; Value and Step consume closed runtime types.,SC-04,—,ordinary,C10
GRAM-057,Go grammar,Struct_types/EmbeddedField,Grammar production `EmbeddedField`,IN,The `EmbeddedField` production is admitted only through the source constructors and static facts assigned to `Struct_types`. Its production head is frozen in the grammar manifest.,SemanticType and retained compiler relations own all type meaning; Value and Step consume closed runtime types.,SC-04,—,ordinary,C10
GRAM-058,Go grammar,Struct_types/Tag,Grammar production `Tag`,IN,The `Tag` production is admitted only through the source constructors and static facts assigned to `Struct_types`. Its production head is frozen in the grammar manifest.,SemanticType and retained compiler relations own all type meaning; Value and Step consume closed runtime types.,SC-04,—,ordinary,C10
GRAM-059,Go grammar,Pointer_types/PointerType,Grammar production `PointerType`,IN,The `PointerType` production is admitted only through the source constructors and static facts assigned to `Pointer_types`. Its production head is frozen in the grammar manifest.,SemanticType and retained compiler relations own all type meaning; Value and Step consume closed runtime types.,SC-04,—,ordinary,C10
GRAM-060,Go grammar,Pointer_types/BaseType,Grammar production `BaseType`,IN,The `BaseType` production is admitted only through the source constructors and static facts assigned to `Pointer_types`. Its production head is frozen in the grammar manifest.,SemanticType and retained compiler relations own all type meaning; Value and Step consume closed runtime types.,SC-04,—,ordinary,C10
GRAM-061,Go grammar,Function_types/FunctionType,Grammar production `FunctionType`,IN,The `FunctionType` production is admitted only through the source constructors and static facts assigned to `Function_types`. Its production head is frozen in the grammar manifest.,SemanticType and retained compiler relations own all type meaning; Value and Step consume closed runtime types.,SC-04,—,ordinary,C9
GRAM-062,Go grammar,Function_types/Signature,Grammar production `Signature`,IN,The `Signature` production is admitted only through the source constructors and static facts assigned to `Function_types`. Its production head is frozen in the grammar manifest.,SemanticType and retained compiler relations own all type meaning; Value and Step consume closed runtime types.,SC-04,—,ordinary,C9
GRAM-063,Go grammar,Function_types/Result,Grammar production `Result`,IN,The `Result` production is admitted only through the source constructors and static facts assigned to `Function_types`. Its production head is frozen in the grammar manifest.,SemanticType and retained compiler relations own all type meaning; Value and Step consume closed runtime types.,SC-04,—,ordinary,C9
GRAM-064,Go grammar,Function_types/Parameters,Grammar production `Parameters`,IN,The `Parameters` production is admitted only through the source constructors and static facts assigned to `Function_types`. Its production head is frozen in the grammar manifest.,SemanticType and retained compiler relations own all type meaning; Value and Step consume closed runtime types.,SC-04,—,ordinary,C9
GRAM-065,Go grammar,Function_types/ParameterList,Grammar production `ParameterList`,IN,The `ParameterList` production is admitted only through the source constructors and static facts assigned to `Function_types`. Its production head is frozen in the grammar manifest.,SemanticType and retained compiler relations own all type meaning; Value and Step consume closed runtime types.,SC-04,—,ordinary,C9
GRAM-066,Go grammar,Function_types/ParameterDecl,Grammar production `ParameterDecl`,IN,The `ParameterDecl` production is admitted only through the source constructors and static facts assigned to `Function_types`. Its production head is frozen in the grammar manifest.,SemanticType and retained compiler relations own all type meaning; Value and Step consume closed runtime types.,SC-04,—,ordinary,C9
GRAM-067,Go grammar,Interface_types/InterfaceType,Grammar production `InterfaceType`,IN,The `InterfaceType` production is admitted only through the source constructors and static facts assigned to `Interface_types`. Its production head is frozen in the grammar manifest.,SemanticType and retained compiler relations own all type meaning; Value and Step consume closed runtime types.,SC-04; SC-13,—,ordinary,C12
GRAM-068,Go grammar,Interface_types/InterfaceElem,Grammar production `InterfaceElem`,IN,The `InterfaceElem` production is admitted only through the source constructors and static facts assigned to `Interface_types`. Its production head is frozen in the grammar manifest.,SemanticType and retained compiler relations own all type meaning; Value and Step consume closed runtime types.,SC-04; SC-13,—,ordinary,C12
GRAM-069,Go grammar,Interface_types/MethodElem,Grammar production `MethodElem`,IN,The `MethodElem` production is admitted only through the source constructors and static facts assigned to `Interface_types`. Its production head is frozen in the grammar manifest.,SemanticType and retained compiler relations own all type meaning; Value and Step consume closed runtime types.,SC-04; SC-13,—,ordinary,C12
GRAM-070,Go grammar,Interface_types/MethodName,Grammar production `MethodName`,IN,The `MethodName` production is admitted only through the source constructors and static facts assigned to `Interface_types`. Its production head is frozen in the grammar manifest.,SemanticType and retained compiler relations own all type meaning; Value and Step consume closed runtime types.,SC-04; SC-13,—,ordinary,C12
GRAM-071,Go grammar,Interface_types/TypeElem,Grammar production `TypeElem`,IN,The `TypeElem` production is admitted only through the source constructors and static facts assigned to `Interface_types`. Its production head is frozen in the grammar manifest.,SemanticType and retained compiler relations own all type meaning; Value and Step consume closed runtime types.,SC-04; SC-13,—,ordinary,C13
GRAM-072,Go grammar,Interface_types/TypeTerm,Grammar production `TypeTerm`,IN,The `TypeTerm` production is admitted only through the source constructors and static facts assigned to `Interface_types`. Its production head is frozen in the grammar manifest.,SemanticType and retained compiler relations own all type meaning; Value and Step consume closed runtime types.,SC-04; SC-13,—,ordinary,C13
GRAM-073,Go grammar,Interface_types/UnderlyingType,Grammar production `UnderlyingType`,IN,The `UnderlyingType` production is admitted only through the source constructors and static facts assigned to `Interface_types`. Its production head is frozen in the grammar manifest.,SemanticType and retained compiler relations own all type meaning; Value and Step consume closed runtime types.,SC-04; SC-13,—,ordinary,C13
GRAM-074,Go grammar,Map_types/MapType,Grammar production `MapType`,IN,The `MapType` production is admitted only through the source constructors and static facts assigned to `Map_types`. Its production head is frozen in the grammar manifest.,SemanticType and retained compiler relations own all type meaning; Value and Step consume closed runtime types.,SC-04; SC-08; SC-11,—,ordinary,C10
GRAM-075,Go grammar,Map_types/KeyType,Grammar production `KeyType`,IN,The `KeyType` production is admitted only through the source constructors and static facts assigned to `Map_types`. Its production head is frozen in the grammar manifest.,SemanticType and retained compiler relations own all type meaning; Value and Step consume closed runtime types.,SC-04; SC-08; SC-11,—,ordinary,C10
GRAM-076,Go grammar,Channel_types/ChannelType,Grammar production `ChannelType`,IN,The `ChannelType` production is admitted only through the source constructors and static facts assigned to `Channel_types`. Its production head is frozen in the grammar manifest.,SemanticType and retained compiler relations own all type meaning; Value and Step consume closed runtime types.,SC-04; SC-10,—,ordinary,C14
GRAM-077,Go grammar,Blocks/Block,Grammar production `Block`,IN,The `Block` production is admitted only through the source constructors and static facts assigned to `Blocks`. Its production head is frozen in the grammar manifest.,Scope/control facts own block structure; source zipper consumes them.,SC-03,—,ordinary,C6
GRAM-078,Go grammar,Blocks/StatementList,Grammar production `StatementList`,IN,The `StatementList` production is admitted only through the source constructors and static facts assigned to `Blocks`. Its production head is frozen in the grammar manifest.,Scope/control facts own block structure; source zipper consumes them.,SC-03,—,ordinary,C8
GRAM-079,Go grammar,Declarations_and_scope/Declaration,Grammar production `Declaration`,IN,The `Declaration` production is admitted only through the source constructors and static facts assigned to `Declarations_and_scope`. Its production head is frozen in the grammar manifest.,"Binding, scope, slot, declaration, and method facts own static meaning; initial/step create runtime instances.",SC-03,—,ordinary,C6
GRAM-080,Go grammar,Declarations_and_scope/TopLevelDecl,Grammar production `TopLevelDecl`,IN,The `TopLevelDecl` production is admitted only through the source constructors and static facts assigned to `Declarations_and_scope`. Its production head is frozen in the grammar manifest.,"Binding, scope, slot, declaration, and method facts own static meaning; initial/step create runtime instances.",SC-03,—,ordinary,C6
GRAM-081,Go grammar,Constant_declarations/ConstDecl,Grammar production `ConstDecl`,IN,The `ConstDecl` production is admitted only through the source constructors and static facts assigned to `Constant_declarations`. Its production head is frozen in the grammar manifest.,"Binding, scope, slot, declaration, and method facts own static meaning; initial/step create runtime instances.",SC-03,—,ordinary,C6
GRAM-082,Go grammar,Constant_declarations/ConstSpec,Grammar production `ConstSpec`,IN,The `ConstSpec` production is admitted only through the source constructors and static facts assigned to `Constant_declarations`. Its production head is frozen in the grammar manifest.,"Binding, scope, slot, declaration, and method facts own static meaning; initial/step create runtime instances.",SC-03,—,ordinary,C6
GRAM-083,Go grammar,Constant_declarations/IdentifierList,Grammar production `IdentifierList`,IN,The `IdentifierList` production is admitted only through the source constructors and static facts assigned to `Constant_declarations`. Its production head is frozen in the grammar manifest.,"Binding, scope, slot, declaration, and method facts own static meaning; initial/step create runtime instances.",SC-03,—,ordinary,C6
GRAM-084,Go grammar,Constant_declarations/ExpressionList,Grammar production `ExpressionList`,IN,The `ExpressionList` production is admitted only through the source constructors and static facts assigned to `Constant_declarations`. Its production head is frozen in the grammar manifest.,"Binding, scope, slot, declaration, and method facts own static meaning; initial/step create runtime instances.",SC-03,—,ordinary,C6
GRAM-085,Go grammar,Type_declarations/TypeDecl,Grammar production `TypeDecl`,IN,The `TypeDecl` production is admitted only through the source constructors and static facts assigned to `Type_declarations`. Its production head is frozen in the grammar manifest.,"Binding, scope, slot, declaration, and method facts own static meaning; initial/step create runtime instances.",SC-03; SC-04,—,ordinary,C6
GRAM-086,Go grammar,Type_declarations/TypeSpec,Grammar production `TypeSpec`,IN,The `TypeSpec` production is admitted only through the source constructors and static facts assigned to `Type_declarations`. Its production head is frozen in the grammar manifest.,"Binding, scope, slot, declaration, and method facts own static meaning; initial/step create runtime instances.",SC-03; SC-04,—,ordinary,C6
GRAM-087,Go grammar,Alias_declarations/AliasDecl,Grammar production `AliasDecl`,IN,The `AliasDecl` production is admitted only through the source constructors and static facts assigned to `Alias_declarations`. Its production head is frozen in the grammar manifest.,"Binding, scope, slot, declaration, and method facts own static meaning; initial/step create runtime instances.",SC-03; SC-04,—,ordinary,C6
GRAM-088,Go grammar,Type_definitions/TypeDef,Grammar production `TypeDef`,IN,The `TypeDef` production is admitted only through the source constructors and static facts assigned to `Type_definitions`. Its production head is frozen in the grammar manifest.,"Binding, scope, slot, declaration, and method facts own static meaning; initial/step create runtime instances.",SC-03; SC-04,—,ordinary,C6
GRAM-089,Go grammar,Type_parameter_declarations/TypeParameters,Grammar production `TypeParameters`,IN,The `TypeParameters` production is admitted only through the source constructors and static facts assigned to `Type_parameter_declarations`. Its production head is frozen in the grammar manifest.,"Binding, scope, slot, declaration, and method facts own static meaning; initial/step create runtime instances.",SC-03; SC-04,—,ordinary,C13
GRAM-090,Go grammar,Type_parameter_declarations/TypeParamList,Grammar production `TypeParamList`,IN,The `TypeParamList` production is admitted only through the source constructors and static facts assigned to `Type_parameter_declarations`. Its production head is frozen in the grammar manifest.,"Binding, scope, slot, declaration, and method facts own static meaning; initial/step create runtime instances.",SC-03; SC-04,—,ordinary,C13
GRAM-091,Go grammar,Type_parameter_declarations/TypeParamDecl,Grammar production `TypeParamDecl`,IN,The `TypeParamDecl` production is admitted only through the source constructors and static facts assigned to `Type_parameter_declarations`. Its production head is frozen in the grammar manifest.,"Binding, scope, slot, declaration, and method facts own static meaning; initial/step create runtime instances.",SC-03; SC-04,—,ordinary,C13
GRAM-092,Go grammar,Type_constraints/TypeConstraint,Grammar production `TypeConstraint`,IN,The `TypeConstraint` production is admitted only through the source constructors and static facts assigned to `Type_constraints`. Its production head is frozen in the grammar manifest.,"Binding, scope, slot, declaration, and method facts own static meaning; initial/step create runtime instances.",SC-03; SC-04,—,ordinary,C13
GRAM-093,Go grammar,Variable_declarations/VarDecl,Grammar production `VarDecl`,IN,The `VarDecl` production is admitted only through the source constructors and static facts assigned to `Variable_declarations`. Its production head is frozen in the grammar manifest.,"Binding, scope, slot, declaration, and method facts own static meaning; initial/step create runtime instances.",SC-03,—,ordinary,C6
GRAM-094,Go grammar,Variable_declarations/VarSpec,Grammar production `VarSpec`,IN,The `VarSpec` production is admitted only through the source constructors and static facts assigned to `Variable_declarations`. Its production head is frozen in the grammar manifest.,"Binding, scope, slot, declaration, and method facts own static meaning; initial/step create runtime instances.",SC-03,—,ordinary,C6
GRAM-095,Go grammar,Short_variable_declarations/ShortVarDecl,Grammar production `ShortVarDecl`,IN,The `ShortVarDecl` production is admitted only through the source constructors and static facts assigned to `Short_variable_declarations`. Its production head is frozen in the grammar manifest.,"Binding, scope, slot, declaration, and method facts own static meaning; initial/step create runtime instances.",SC-03,—,ordinary,C6
GRAM-096,Go grammar,Function_declarations/FunctionDecl,Grammar production `FunctionDecl`,IN,The `FunctionDecl` production is admitted only through the source constructors and static facts assigned to `Function_declarations`. Its production head is frozen in the grammar manifest.,"Binding, scope, slot, declaration, and method facts own static meaning; initial/step create runtime instances.",SC-03; SC-07,—,ordinary,C9
GRAM-097,Go grammar,Function_declarations/FunctionName,Grammar production `FunctionName`,IN,The `FunctionName` production is admitted only through the source constructors and static facts assigned to `Function_declarations`. Its production head is frozen in the grammar manifest.,"Binding, scope, slot, declaration, and method facts own static meaning; initial/step create runtime instances.",SC-03; SC-07,—,ordinary,C9
GRAM-098,Go grammar,Function_declarations/FunctionBody,Grammar production `FunctionBody`,IN,The `FunctionBody` production is admitted only through the source constructors and static facts assigned to `Function_declarations`. Its production head is frozen in the grammar manifest.,"Binding, scope, slot, declaration, and method facts own static meaning; initial/step create runtime instances.",SC-03; SC-07,—,ordinary,C9
GRAM-099,Go grammar,Method_declarations/MethodDecl,Grammar production `MethodDecl`,IN,The `MethodDecl` production is admitted only through the source constructors and static facts assigned to `Method_declarations`. Its production head is frozen in the grammar manifest.,"Binding, scope, slot, declaration, and method facts own static meaning; initial/step create runtime instances.",SC-03; SC-07,—,ordinary,C12
GRAM-100,Go grammar,Method_declarations/Receiver,Grammar production `Receiver`,IN,The `Receiver` production is admitted only through the source constructors and static facts assigned to `Method_declarations`. Its production head is frozen in the grammar manifest.,"Binding, scope, slot, declaration, and method facts own static meaning; initial/step create runtime instances.",SC-03; SC-07,—,ordinary,C12
GRAM-101,Go grammar,Operands/Operand,Grammar production `Operand`,IN,The `Operand` production is admitted only through the source constructors and static facts assigned to `Operands`. Its production head is frozen in the grammar manifest.,Compilable.ExpressionFact/ExprUseFact own static meaning; source zipper and Step own evaluation; Action owns observations.,SC-05,—,ordinary,C7
GRAM-102,Go grammar,Operands/Literal,Grammar production `Literal`,IN,The `Literal` production is admitted only through the source constructors and static facts assigned to `Operands`. Its production head is frozen in the grammar manifest.,Compilable.ExpressionFact/ExprUseFact own static meaning; source zipper and Step own evaluation; Action owns observations.,SC-05,—,ordinary,C7
GRAM-103,Go grammar,Operands/BasicLit,Grammar production `BasicLit`,IN,The `BasicLit` production is admitted only through the source constructors and static facts assigned to `Operands`. Its production head is frozen in the grammar manifest.,Compilable.ExpressionFact/ExprUseFact own static meaning; source zipper and Step own evaluation; Action owns observations.,SC-05,—,ordinary,C7
GRAM-104,Go grammar,Operands/OperandName,Grammar production `OperandName`,IN,The `OperandName` production is admitted only through the source constructors and static facts assigned to `Operands`. Its production head is frozen in the grammar manifest.,Compilable.ExpressionFact/ExprUseFact own static meaning; source zipper and Step own evaluation; Action owns observations.,SC-05,—,ordinary,C7
GRAM-105,Go grammar,Qualified_identifiers/QualifiedIdent,Grammar production `QualifiedIdent`,IN,The `QualifiedIdent` production is admitted only through the source constructors and static facts assigned to `Qualified_identifiers`. Its production head is frozen in the grammar manifest.,Compilable.ExpressionFact/ExprUseFact own static meaning; source zipper and Step own evaluation; Action owns observations.,SC-05,—,ordinary,C11
GRAM-106,Go grammar,Composite_literals/CompositeLit,Grammar production `CompositeLit`,IN,The `CompositeLit` production is admitted only through the source constructors and static facts assigned to `Composite_literals`. Its production head is frozen in the grammar manifest.,Compilable.ExpressionFact/ExprUseFact own static meaning; source zipper and Step own evaluation; Action owns observations.,SC-05; SC-08,—,ordinary,C10
GRAM-107,Go grammar,Composite_literals/LiteralType,Grammar production `LiteralType`,IN,The `LiteralType` production is admitted only through the source constructors and static facts assigned to `Composite_literals`. Its production head is frozen in the grammar manifest.,Compilable.ExpressionFact/ExprUseFact own static meaning; source zipper and Step own evaluation; Action owns observations.,SC-05; SC-08,—,ordinary,C10
GRAM-108,Go grammar,Composite_literals/LiteralValue,Grammar production `LiteralValue`,IN,The `LiteralValue` production is admitted only through the source constructors and static facts assigned to `Composite_literals`. Its production head is frozen in the grammar manifest.,Compilable.ExpressionFact/ExprUseFact own static meaning; source zipper and Step own evaluation; Action owns observations.,SC-05; SC-08,—,ordinary,C10
GRAM-109,Go grammar,Composite_literals/ElementList,Grammar production `ElementList`,IN,The `ElementList` production is admitted only through the source constructors and static facts assigned to `Composite_literals`. Its production head is frozen in the grammar manifest.,Compilable.ExpressionFact/ExprUseFact own static meaning; source zipper and Step own evaluation; Action owns observations.,SC-05; SC-08,—,ordinary,C10
GRAM-110,Go grammar,Composite_literals/KeyedElement,Grammar production `KeyedElement`,IN,The `KeyedElement` production is admitted only through the source constructors and static facts assigned to `Composite_literals`. Its production head is frozen in the grammar manifest.,Compilable.ExpressionFact/ExprUseFact own static meaning; source zipper and Step own evaluation; Action owns observations.,SC-05; SC-08,—,ordinary,C10
GRAM-111,Go grammar,Composite_literals/Key,Grammar production `Key`,IN,The `Key` production is admitted only through the source constructors and static facts assigned to `Composite_literals`. Its production head is frozen in the grammar manifest.,Compilable.ExpressionFact/ExprUseFact own static meaning; source zipper and Step own evaluation; Action owns observations.,SC-05; SC-08,—,ordinary,C10
GRAM-112,Go grammar,Composite_literals/FieldName,Grammar production `FieldName`,IN,The `FieldName` production is admitted only through the source constructors and static facts assigned to `Composite_literals`. Its production head is frozen in the grammar manifest.,Compilable.ExpressionFact/ExprUseFact own static meaning; source zipper and Step own evaluation; Action owns observations.,SC-05; SC-08,—,ordinary,C10
GRAM-113,Go grammar,Composite_literals/Element,Grammar production `Element`,IN,The `Element` production is admitted only through the source constructors and static facts assigned to `Composite_literals`. Its production head is frozen in the grammar manifest.,Compilable.ExpressionFact/ExprUseFact own static meaning; source zipper and Step own evaluation; Action owns observations.,SC-05; SC-08,—,ordinary,C10
GRAM-114,Go grammar,Function_literals/FunctionLit,Grammar production `FunctionLit`,IN,The `FunctionLit` production is admitted only through the source constructors and static facts assigned to `Function_literals`. Its production head is frozen in the grammar manifest.,Compilable.ExpressionFact/ExprUseFact own static meaning; source zipper and Step own evaluation; Action owns observations.,SC-05; SC-07,—,ordinary,C9
GRAM-115,Go grammar,Primary_expressions/PrimaryExpr,Grammar production `PrimaryExpr`,IN,The `PrimaryExpr` production is admitted only through the source constructors and static facts assigned to `Primary_expressions`. Its production head is frozen in the grammar manifest.,Compilable.ExpressionFact/ExprUseFact own static meaning; source zipper and Step own evaluation; Action owns observations.,SC-05,—,ordinary,C7
GRAM-116,Go grammar,Primary_expressions/Selector,Grammar production `Selector`,IN,The `Selector` production is admitted only through the source constructors and static facts assigned to `Primary_expressions`. Its production head is frozen in the grammar manifest.,Compilable.ExpressionFact/ExprUseFact own static meaning; source zipper and Step own evaluation; Action owns observations.,SC-05,—,ordinary,C12
GRAM-117,Go grammar,Primary_expressions/Index,Grammar production `Index`,IN,The `Index` production is admitted only through the source constructors and static facts assigned to `Primary_expressions`. Its production head is frozen in the grammar manifest.,Compilable.ExpressionFact/ExprUseFact own static meaning; source zipper and Step own evaluation; Action owns observations.,SC-05,—,ordinary,C10
GRAM-118,Go grammar,Primary_expressions/Slice,Grammar production `Slice`,IN,The `Slice` production is admitted only through the source constructors and static facts assigned to `Primary_expressions`. Its production head is frozen in the grammar manifest.,Compilable.ExpressionFact/ExprUseFact own static meaning; source zipper and Step own evaluation; Action owns observations.,SC-05,—,ordinary,C10
GRAM-119,Go grammar,Primary_expressions/TypeAssertion,Grammar production `TypeAssertion`,IN,The `TypeAssertion` production is admitted only through the source constructors and static facts assigned to `Primary_expressions`. Its production head is frozen in the grammar manifest.,Compilable.ExpressionFact/ExprUseFact own static meaning; source zipper and Step own evaluation; Action owns observations.,SC-05,—,ordinary,C12
GRAM-120,Go grammar,Primary_expressions/Arguments,Grammar production `Arguments`,IN,The `Arguments` production is admitted only through the source constructors and static facts assigned to `Primary_expressions`. Its production head is frozen in the grammar manifest.,Compilable.ExpressionFact/ExprUseFact own static meaning; source zipper and Step own evaluation; Action owns observations.,SC-05,—,ordinary,C9
GRAM-121,Go grammar,Method_expressions/MethodExpr,Grammar production `MethodExpr`,IN,The `MethodExpr` production is admitted only through the source constructors and static facts assigned to `Method_expressions`. Its production head is frozen in the grammar manifest.,Compilable.ExpressionFact/ExprUseFact own static meaning; source zipper and Step own evaluation; Action owns observations.,SC-05; SC-13,—,ordinary,C12
GRAM-122,Go grammar,Method_expressions/ReceiverType,Grammar production `ReceiverType`,IN,The `ReceiverType` production is admitted only through the source constructors and static facts assigned to `Method_expressions`. Its production head is frozen in the grammar manifest.,Compilable.ExpressionFact/ExprUseFact own static meaning; source zipper and Step own evaluation; Action owns observations.,SC-05; SC-13,—,ordinary,C12
GRAM-123,Go grammar,Operators/Expression,Grammar production `Expression`,IN,The `Expression` production is admitted only through the source constructors and static facts assigned to `Operators`. Its production head is frozen in the grammar manifest.,Compilable.ExpressionFact/ExprUseFact own static meaning; source zipper and Step own evaluation; Action owns observations.,SC-05; SC-02,—,ordinary,C7
GRAM-124,Go grammar,Operators/UnaryExpr,Grammar production `UnaryExpr`,IN,The `UnaryExpr` production is admitted only through the source constructors and static facts assigned to `Operators`. Its production head is frozen in the grammar manifest.,Compilable.ExpressionFact/ExprUseFact own static meaning; source zipper and Step own evaluation; Action owns observations.,SC-05; SC-02,—,ordinary,C7
GRAM-125,Go grammar,Operators/binary_op,Grammar production `binary_op`,IN,The `binary_op` production is admitted only through the source constructors and static facts assigned to `Operators`. Its production head is frozen in the grammar manifest.,Compilable.ExpressionFact/ExprUseFact own static meaning; source zipper and Step own evaluation; Action owns observations.,SC-05; SC-02,—,ordinary,C7
GRAM-126,Go grammar,Operators/rel_op,Grammar production `rel_op`,IN,The `rel_op` production is admitted only through the source constructors and static facts assigned to `Operators`. Its production head is frozen in the grammar manifest.,Compilable.ExpressionFact/ExprUseFact own static meaning; source zipper and Step own evaluation; Action owns observations.,SC-05; SC-02,—,ordinary,C7
GRAM-127,Go grammar,Operators/add_op,Grammar production `add_op`,IN,The `add_op` production is admitted only through the source constructors and static facts assigned to `Operators`. Its production head is frozen in the grammar manifest.,Compilable.ExpressionFact/ExprUseFact own static meaning; source zipper and Step own evaluation; Action owns observations.,SC-05; SC-02,—,ordinary,C7
GRAM-128,Go grammar,Operators/mul_op,Grammar production `mul_op`,IN,The `mul_op` production is admitted only through the source constructors and static facts assigned to `Operators`. Its production head is frozen in the grammar manifest.,Compilable.ExpressionFact/ExprUseFact own static meaning; source zipper and Step own evaluation; Action owns observations.,SC-05; SC-02,—,ordinary,C7
GRAM-129,Go grammar,Operators/unary_op,Grammar production `unary_op`,IN,The `unary_op` production is admitted only through the source constructors and static facts assigned to `Operators`. Its production head is frozen in the grammar manifest.,Compilable.ExpressionFact/ExprUseFact own static meaning; source zipper and Step own evaluation; Action owns observations.,SC-05; SC-02,—,ordinary,C7
GRAM-130,Go grammar,Conversions/Conversion,Grammar production `Conversion`,IN,The `Conversion` production is admitted only through the source constructors and static facts assigned to `Conversions`. Its production head is frozen in the grammar manifest.,Compilable.ExpressionFact/ExprUseFact own static meaning; source zipper and Step own evaluation; Action owns observations.,SC-05; SC-08,—,ordinary,C7
GRAM-131,Go grammar,Statements/Statement,Grammar production `Statement`,IN,The `Statement` production is admitted only through the source constructors and static facts assigned to `Statements`. Its production head is frozen in the grammar manifest.,ControlFact and source zipper own control; Step owns effects; Action owns visible effects.,SC-06,—,ordinary,C8
GRAM-132,Go grammar,Statements/SimpleStmt,Grammar production `SimpleStmt`,IN,The `SimpleStmt` production is admitted only through the source constructors and static facts assigned to `Statements`. Its production head is frozen in the grammar manifest.,ControlFact and source zipper own control; Step owns effects; Action owns visible effects.,SC-06,—,ordinary,C8
GRAM-133,Go grammar,Empty_statements/EmptyStmt,Grammar production `EmptyStmt`,IN,The `EmptyStmt` production is admitted only through the source constructors and static facts assigned to `Empty_statements`. Its production head is frozen in the grammar manifest.,ControlFact and source zipper own control; Step owns effects; Action owns visible effects.,SC-06,—,ordinary,C8
GRAM-134,Go grammar,Labeled_statements/LabeledStmt,Grammar production `LabeledStmt`,IN,The `LabeledStmt` production is admitted only through the source constructors and static facts assigned to `Labeled_statements`. Its production head is frozen in the grammar manifest.,ControlFact and source zipper own control; Step owns effects; Action owns visible effects.,SC-06,—,ordinary,C8
GRAM-135,Go grammar,Labeled_statements/Label,Grammar production `Label`,IN,The `Label` production is admitted only through the source constructors and static facts assigned to `Labeled_statements`. Its production head is frozen in the grammar manifest.,ControlFact and source zipper own control; Step owns effects; Action owns visible effects.,SC-06,—,ordinary,C8
GRAM-136,Go grammar,Expression_statements/ExpressionStmt,Grammar production `ExpressionStmt`,IN,The `ExpressionStmt` production is admitted only through the source constructors and static facts assigned to `Expression_statements`. Its production head is frozen in the grammar manifest.,ControlFact and source zipper own control; Step owns effects; Action owns visible effects.,SC-06,—,ordinary,C8
GRAM-137,Go grammar,Send_statements/SendStmt,Grammar production `SendStmt`,IN,The `SendStmt` production is admitted only through the source constructors and static facts assigned to `Send_statements`. Its production head is frozen in the grammar manifest.,ControlFact and source zipper own control; Step owns effects; Action owns visible effects.,SC-06; SC-10; SC-18,—,ordinary,C14
GRAM-138,Go grammar,Send_statements/Channel,Grammar production `Channel`,IN,The `Channel` production is admitted only through the source constructors and static facts assigned to `Send_statements`. Its production head is frozen in the grammar manifest.,ControlFact and source zipper own control; Step owns effects; Action owns visible effects.,SC-06; SC-10; SC-18,—,ordinary,C14
GRAM-139,Go grammar,IncDec_statements/IncDecStmt,Grammar production `IncDecStmt`,IN,The `IncDecStmt` production is admitted only through the source constructors and static facts assigned to `IncDec_statements`. Its production head is frozen in the grammar manifest.,ControlFact and source zipper own control; Step owns effects; Action owns visible effects.,SC-06,—,ordinary,C8
GRAM-140,Go grammar,Assignment_statements/Assignment,Grammar production `Assignment`,IN,The `Assignment` production is admitted only through the source constructors and static facts assigned to `Assignment_statements`. Its production head is frozen in the grammar manifest.,ControlFact and source zipper own control; Step owns effects; Action owns visible effects.,SC-06,—,ordinary,C8
GRAM-141,Go grammar,Assignment_statements/assign_op,Grammar production `assign_op`,IN,The `assign_op` production is admitted only through the source constructors and static facts assigned to `Assignment_statements`. Its production head is frozen in the grammar manifest.,ControlFact and source zipper own control; Step owns effects; Action owns visible effects.,SC-06,—,ordinary,C8
GRAM-142,Go grammar,If_statements/IfStmt,Grammar production `IfStmt`,IN,The `IfStmt` production is admitted only through the source constructors and static facts assigned to `If_statements`. Its production head is frozen in the grammar manifest.,ControlFact and source zipper own control; Step owns effects; Action owns visible effects.,SC-06,—,ordinary,C8
GRAM-143,Go grammar,Switch_statements/SwitchStmt,Grammar production `SwitchStmt`,IN,The `SwitchStmt` production is admitted only through the source constructors and static facts assigned to `Switch_statements`. Its production head is frozen in the grammar manifest.,ControlFact and source zipper own control; Step owns effects; Action owns visible effects.,SC-06,—,ordinary,C8
GRAM-144,Go grammar,Expression_switches/ExprSwitchStmt,Grammar production `ExprSwitchStmt`,IN,The `ExprSwitchStmt` production is admitted only through the source constructors and static facts assigned to `Expression_switches`. Its production head is frozen in the grammar manifest.,ControlFact and source zipper own control; Step owns effects; Action owns visible effects.,SC-06,—,ordinary,C8
GRAM-145,Go grammar,Expression_switches/ExprCaseClause,Grammar production `ExprCaseClause`,IN,The `ExprCaseClause` production is admitted only through the source constructors and static facts assigned to `Expression_switches`. Its production head is frozen in the grammar manifest.,ControlFact and source zipper own control; Step owns effects; Action owns visible effects.,SC-06,—,ordinary,C8
GRAM-146,Go grammar,Expression_switches/ExprSwitchCase,Grammar production `ExprSwitchCase`,IN,The `ExprSwitchCase` production is admitted only through the source constructors and static facts assigned to `Expression_switches`. Its production head is frozen in the grammar manifest.,ControlFact and source zipper own control; Step owns effects; Action owns visible effects.,SC-06,—,ordinary,C8
GRAM-147,Go grammar,Type_switches/TypeSwitchStmt,Grammar production `TypeSwitchStmt`,IN,The `TypeSwitchStmt` production is admitted only through the source constructors and static facts assigned to `Type_switches`. Its production head is frozen in the grammar manifest.,ControlFact and source zipper own control; Step owns effects; Action owns visible effects.,SC-06,—,ordinary,C12
GRAM-148,Go grammar,Type_switches/TypeSwitchGuard,Grammar production `TypeSwitchGuard`,IN,The `TypeSwitchGuard` production is admitted only through the source constructors and static facts assigned to `Type_switches`. Its production head is frozen in the grammar manifest.,ControlFact and source zipper own control; Step owns effects; Action owns visible effects.,SC-06,—,ordinary,C12
GRAM-149,Go grammar,Type_switches/TypeCaseClause,Grammar production `TypeCaseClause`,IN,The `TypeCaseClause` production is admitted only through the source constructors and static facts assigned to `Type_switches`. Its production head is frozen in the grammar manifest.,ControlFact and source zipper own control; Step owns effects; Action owns visible effects.,SC-06,—,ordinary,C12
GRAM-150,Go grammar,Type_switches/TypeSwitchCase,Grammar production `TypeSwitchCase`,IN,The `TypeSwitchCase` production is admitted only through the source constructors and static facts assigned to `Type_switches`. Its production head is frozen in the grammar manifest.,ControlFact and source zipper own control; Step owns effects; Action owns visible effects.,SC-06,—,ordinary,C12
GRAM-151,Go grammar,For_statements/ForStmt,Grammar production `ForStmt`,IN,The `ForStmt` production is admitted only through the source constructors and static facts assigned to `For_statements`. Its production head is frozen in the grammar manifest.,ControlFact and source zipper own control; Step owns effects; Action owns visible effects.,SC-06,—,ordinary,C8
GRAM-152,Go grammar,For_statements/Condition,Grammar production `Condition`,IN,The `Condition` production is admitted only through the source constructors and static facts assigned to `For_statements`. Its production head is frozen in the grammar manifest.,ControlFact and source zipper own control; Step owns effects; Action owns visible effects.,SC-06,—,ordinary,C8
GRAM-153,Go grammar,For_clause/ForClause,Grammar production `ForClause`,IN,The `ForClause` production is admitted only through the source constructors and static facts assigned to `For_clause`. Its production head is frozen in the grammar manifest.,ControlFact and source zipper own control; Step owns effects; Action owns visible effects.,SC-06,—,ordinary,C8
GRAM-154,Go grammar,For_clause/InitStmt,Grammar production `InitStmt`,IN,The `InitStmt` production is admitted only through the source constructors and static facts assigned to `For_clause`. Its production head is frozen in the grammar manifest.,ControlFact and source zipper own control; Step owns effects; Action owns visible effects.,SC-06,—,ordinary,C8
GRAM-155,Go grammar,For_clause/PostStmt,Grammar production `PostStmt`,IN,The `PostStmt` production is admitted only through the source constructors and static facts assigned to `For_clause`. Its production head is frozen in the grammar manifest.,ControlFact and source zipper own control; Step owns effects; Action owns visible effects.,SC-06,—,ordinary,C8
GRAM-156,Go grammar,For_range/RangeClause,Grammar production `RangeClause`,IN,The `RangeClause` production is admitted only through the source constructors and static facts assigned to `For_range`. Its production head is frozen in the grammar manifest.,ControlFact and source zipper own control; Step owns effects; Action owns visible effects.,SC-06; SC-11; SC-10,—,ordinary,C11
GRAM-157,Go grammar,Go_statements/Syntax.Stmt,Grammar production `Syntax.Stmt`,IN,The `Syntax.Stmt` production is admitted only through the source constructors and static facts assigned to `Go_statements`. Its production head is frozen in the grammar manifest.,ControlFact and source zipper own control; Step owns effects; Action owns visible effects.,SC-06; SC-10; SC-18,—,ordinary,C14
GRAM-158,Go grammar,Select_statements/SelectStmt,Grammar production `SelectStmt`,IN,The `SelectStmt` production is admitted only through the source constructors and static facts assigned to `Select_statements`. Its production head is frozen in the grammar manifest.,ControlFact and source zipper own control; Step owns effects; Action owns visible effects.,SC-06; SC-10; SC-18,—,ordinary,C14
GRAM-159,Go grammar,Select_statements/CommClause,Grammar production `CommClause`,IN,The `CommClause` production is admitted only through the source constructors and static facts assigned to `Select_statements`. Its production head is frozen in the grammar manifest.,ControlFact and source zipper own control; Step owns effects; Action owns visible effects.,SC-06; SC-10; SC-18,—,ordinary,C14
GRAM-160,Go grammar,Select_statements/CommCase,Grammar production `CommCase`,IN,The `CommCase` production is admitted only through the source constructors and static facts assigned to `Select_statements`. Its production head is frozen in the grammar manifest.,ControlFact and source zipper own control; Step owns effects; Action owns visible effects.,SC-06; SC-10; SC-18,—,ordinary,C14
GRAM-161,Go grammar,Select_statements/RecvStmt,Grammar production `RecvStmt`,IN,The `RecvStmt` production is admitted only through the source constructors and static facts assigned to `Select_statements`. Its production head is frozen in the grammar manifest.,ControlFact and source zipper own control; Step owns effects; Action owns visible effects.,SC-06; SC-10; SC-18,—,ordinary,C14
GRAM-162,Go grammar,Select_statements/RecvExpr,Grammar production `RecvExpr`,IN,The `RecvExpr` production is admitted only through the source constructors and static facts assigned to `Select_statements`. Its production head is frozen in the grammar manifest.,ControlFact and source zipper own control; Step owns effects; Action owns visible effects.,SC-06; SC-10; SC-18,—,ordinary,C14
GRAM-163,Go grammar,Return_statements/ReturnStmt,Grammar production `ReturnStmt`,IN,The `ReturnStmt` production is admitted only through the source constructors and static facts assigned to `Return_statements`. Its production head is frozen in the grammar manifest.,ControlFact and source zipper own control; Step owns effects; Action owns visible effects.,SC-06; SC-07,—,ordinary,C9
GRAM-164,Go grammar,Break_statements/BreakStmt,Grammar production `BreakStmt`,IN,The `BreakStmt` production is admitted only through the source constructors and static facts assigned to `Break_statements`. Its production head is frozen in the grammar manifest.,ControlFact and source zipper own control; Step owns effects; Action owns visible effects.,SC-06,—,ordinary,C8
GRAM-165,Go grammar,Continue_statements/ContinueStmt,Grammar production `ContinueStmt`,IN,The `ContinueStmt` production is admitted only through the source constructors and static facts assigned to `Continue_statements`. Its production head is frozen in the grammar manifest.,ControlFact and source zipper own control; Step owns effects; Action owns visible effects.,SC-06,—,ordinary,C8
GRAM-166,Go grammar,Goto_statements/GotoStmt,Grammar production `GotoStmt`,IN,The `GotoStmt` production is admitted only through the source constructors and static facts assigned to `Goto_statements`. Its production head is frozen in the grammar manifest.,ControlFact and source zipper own control; Step owns effects; Action owns visible effects.,SC-06,—,ordinary,C8
GRAM-167,Go grammar,Fallthrough_statements/FallthroughStmt,Grammar production `FallthroughStmt`,IN,The `FallthroughStmt` production is admitted only through the source constructors and static facts assigned to `Fallthrough_statements`. Its production head is frozen in the grammar manifest.,ControlFact and source zipper own control; Step owns effects; Action owns visible effects.,SC-06,—,ordinary,C8
GRAM-168,Go grammar,Defer_statements/DeferStmt,Grammar production `DeferStmt`,IN,The `DeferStmt` production is admitted only through the source constructors and static facts assigned to `Defer_statements`. Its production head is frozen in the grammar manifest.,ControlFact and source zipper own control; Step owns effects; Action owns visible effects.,SC-06; SC-09,—,ordinary,C9
GRAM-169,Go grammar,Source_file_organization/SourceFile,Grammar production `SourceFile`,IN,The `SourceFile` production is admitted only through the source constructors and static facts assigned to `Source_file_organization`. Its production head is frozen in the grammar manifest.,Package/import facts own package meaning; Start/initial own closed execution roots.,SC-14,—,ordinary,C11
GRAM-170,Go grammar,Package_clause/PackageClause,Grammar production `PackageClause`,IN,The `PackageClause` production is admitted only through the source constructors and static facts assigned to `Package_clause`. Its production head is frozen in the grammar manifest.,Package/import facts own package meaning; Start/initial own closed execution roots.,SC-14,—,ordinary,C11
GRAM-171,Go grammar,Package_clause/PackageName,Grammar production `PackageName`,IN,The `PackageName` production is admitted only through the source constructors and static facts assigned to `Package_clause`. Its production head is frozen in the grammar manifest.,Package/import facts own package meaning; Start/initial own closed execution roots.,SC-14,—,ordinary,C11
GRAM-172,Go grammar,Import_declarations/ImportDecl,Grammar production `ImportDecl`,IN,The `ImportDecl` production is admitted only through the source constructors and static facts assigned to `Import_declarations`. Its production head is frozen in the grammar manifest.,Package/import facts own package meaning; Start/initial own closed execution roots.,SC-14,—,ordinary,C11
GRAM-173,Go grammar,Import_declarations/ImportSpec,Grammar production `ImportSpec`,IN,The `ImportSpec` production is admitted only through the source constructors and static facts assigned to `Import_declarations`. Its production head is frozen in the grammar manifest.,Package/import facts own package meaning; Start/initial own closed execution roots.,SC-14,—,ordinary,C11
GRAM-174,Go grammar,Import_declarations/ImportPath,Grammar production `ImportPath`,IN,The `ImportPath` production is admitted only through the source constructors and static facts assigned to `Import_declarations`. Its production head is frozen in the grammar manifest.,Package/import facts own package meaning; Start/initial own closed execution roots.,SC-14,—,ordinary,C11
KEY-01,Go keyword,Keywords/break,Reserved keyword `break`,IN,Pinned keyword-vocabulary entry. Names.Identifier rejects this spelling as an ordinary identifier; a later syntax constructor may emit it only with this exact spelling.,.review/closure.csv owns the pinned spelling; Names.go_keywords owns current identifier rejection; the feature milestone owns any syntax constructor and renderer use.,SC-00; SC-01,—,lexical-only,C5
KEY-02,Go keyword,Keywords/default,Reserved keyword `default`,IN,Pinned keyword-vocabulary entry. Names.Identifier rejects this spelling as an ordinary identifier; a later syntax constructor may emit it only with this exact spelling.,.review/closure.csv owns the pinned spelling; Names.go_keywords owns current identifier rejection; the feature milestone owns any syntax constructor and renderer use.,SC-00; SC-01,—,lexical-only,C5
KEY-03,Go keyword,Keywords/func,Reserved keyword `func`,IN,Pinned keyword-vocabulary entry. Names.Identifier rejects this spelling as an ordinary identifier; a later syntax constructor may emit it only with this exact spelling.,.review/closure.csv owns the pinned spelling; Names.go_keywords owns current identifier rejection; the feature milestone owns any syntax constructor and renderer use.,SC-00; SC-01,—,lexical-only,C5
KEY-04,Go keyword,Keywords/interface,Reserved keyword `interface`,IN,Pinned keyword-vocabulary entry. Names.Identifier rejects this spelling as an ordinary identifier; a later syntax constructor may emit it only with this exact spelling.,.review/closure.csv owns the pinned spelling; Names.go_keywords owns current identifier rejection; the feature milestone owns any syntax constructor and renderer use.,SC-00; SC-01,—,lexical-only,C5
KEY-05,Go keyword,Keywords/select,Reserved keyword `select`,IN,Pinned keyword-vocabulary entry. Names.Identifier rejects this spelling as an ordinary identifier; a later syntax constructor may emit it only with this exact spelling.,.review/closure.csv owns the pinned spelling; Names.go_keywords owns current identifier rejection; the feature milestone owns any syntax constructor and renderer use.,SC-00; SC-01,—,lexical-only,C5
KEY-06,Go keyword,Keywords/case,Reserved keyword `case`,IN,Pinned keyword-vocabulary entry. Names.Identifier rejects this spelling as an ordinary identifier; a later syntax constructor may emit it only with this exact spelling.,.review/closure.csv owns the pinned spelling; Names.go_keywords owns current identifier rejection; the feature milestone owns any syntax constructor and renderer use.,SC-00; SC-01,—,lexical-only,C5
KEY-07,Go keyword,Keywords/defer,Reserved keyword `defer`,IN,Pinned keyword-vocabulary entry. Names.Identifier rejects this spelling as an ordinary identifier; a later syntax constructor may emit it only with this exact spelling.,.review/closure.csv owns the pinned spelling; Names.go_keywords owns current identifier rejection; the feature milestone owns any syntax constructor and renderer use.,SC-00; SC-01,—,lexical-only,C5
KEY-08,Go keyword,Keywords/go,Reserved keyword `go`,IN,Pinned keyword-vocabulary entry. Names.Identifier rejects this spelling as an ordinary identifier; a later syntax constructor may emit it only with this exact spelling.,.review/closure.csv owns the pinned spelling; Names.go_keywords owns current identifier rejection; the feature milestone owns any syntax constructor and renderer use.,SC-00; SC-01,—,lexical-only,C5
KEY-09,Go keyword,Keywords/map,Reserved keyword `map`,IN,Pinned keyword-vocabulary entry. Names.Identifier rejects this spelling as an ordinary identifier; a later syntax constructor may emit it only with this exact spelling.,.review/closure.csv owns the pinned spelling; Names.go_keywords owns current identifier rejection; the feature milestone owns any syntax constructor and renderer use.,SC-00; SC-01,—,lexical-only,C5
KEY-10,Go keyword,Keywords/struct,Reserved keyword `struct`,IN,Pinned keyword-vocabulary entry. Names.Identifier rejects this spelling as an ordinary identifier; a later syntax constructor may emit it only with this exact spelling.,.review/closure.csv owns the pinned spelling; Names.go_keywords owns current identifier rejection; the feature milestone owns any syntax constructor and renderer use.,SC-00; SC-01,—,lexical-only,C5
KEY-11,Go keyword,Keywords/chan,Reserved keyword `chan`,IN,Pinned keyword-vocabulary entry. Names.Identifier rejects this spelling as an ordinary identifier; a later syntax constructor may emit it only with this exact spelling.,.review/closure.csv owns the pinned spelling; Names.go_keywords owns current identifier rejection; the feature milestone owns any syntax constructor and renderer use.,SC-00; SC-01,—,lexical-only,C5
KEY-12,Go keyword,Keywords/else,Reserved keyword `else`,IN,Pinned keyword-vocabulary entry. Names.Identifier rejects this spelling as an ordinary identifier; a later syntax constructor may emit it only with this exact spelling.,.review/closure.csv owns the pinned spelling; Names.go_keywords owns current identifier rejection; the feature milestone owns any syntax constructor and renderer use.,SC-00; SC-01,—,lexical-only,C5
KEY-13,Go keyword,Keywords/goto,Reserved keyword `goto`,IN,Pinned keyword-vocabulary entry. Names.Identifier rejects this spelling as an ordinary identifier; a later syntax constructor may emit it only with this exact spelling.,.review/closure.csv owns the pinned spelling; Names.go_keywords owns current identifier rejection; the feature milestone owns any syntax constructor and renderer use.,SC-00; SC-01,—,lexical-only,C5
KEY-14,Go keyword,Keywords/package,Reserved keyword `package`,IN,Pinned keyword-vocabulary entry. Names.Identifier rejects this spelling as an ordinary identifier; a later syntax constructor may emit it only with this exact spelling.,.review/closure.csv owns the pinned spelling; Names.go_keywords owns current identifier rejection; the feature milestone owns any syntax constructor and renderer use.,SC-00; SC-01,—,lexical-only,C5
KEY-15,Go keyword,Keywords/switch,Reserved keyword `switch`,IN,Pinned keyword-vocabulary entry. Names.Identifier rejects this spelling as an ordinary identifier; a later syntax constructor may emit it only with this exact spelling.,.review/closure.csv owns the pinned spelling; Names.go_keywords owns current identifier rejection; the feature milestone owns any syntax constructor and renderer use.,SC-00; SC-01,—,lexical-only,C5
KEY-16,Go keyword,Keywords/const,Reserved keyword `const`,IN,Pinned keyword-vocabulary entry. Names.Identifier rejects this spelling as an ordinary identifier; a later syntax constructor may emit it only with this exact spelling.,.review/closure.csv owns the pinned spelling; Names.go_keywords owns current identifier rejection; the feature milestone owns any syntax constructor and renderer use.,SC-00; SC-01,—,lexical-only,C5
KEY-17,Go keyword,Keywords/fallthrough,Reserved keyword `fallthrough`,IN,Pinned keyword-vocabulary entry. Names.Identifier rejects this spelling as an ordinary identifier; a later syntax constructor may emit it only with this exact spelling.,.review/closure.csv owns the pinned spelling; Names.go_keywords owns current identifier rejection; the feature milestone owns any syntax constructor and renderer use.,SC-00; SC-01,—,lexical-only,C5
KEY-18,Go keyword,Keywords/if,Reserved keyword `if`,IN,Pinned keyword-vocabulary entry. Names.Identifier rejects this spelling as an ordinary identifier; a later syntax constructor may emit it only with this exact spelling.,.review/closure.csv owns the pinned spelling; Names.go_keywords owns current identifier rejection; the feature milestone owns any syntax constructor and renderer use.,SC-00; SC-01,—,lexical-only,C5
KEY-19,Go keyword,Keywords/range,Reserved keyword `range`,IN,Pinned keyword-vocabulary entry. Names.Identifier rejects this spelling as an ordinary identifier; a later syntax constructor may emit it only with this exact spelling.,.review/closure.csv owns the pinned spelling; Names.go_keywords owns current identifier rejection; the feature milestone owns any syntax constructor and renderer use.,SC-00; SC-01,—,lexical-only,C5
KEY-20,Go keyword,Keywords/type,Reserved keyword `type`,IN,Pinned keyword-vocabulary entry. Names.Identifier rejects this spelling as an ordinary identifier; a later syntax constructor may emit it only with this exact spelling.,.review/closure.csv owns the pinned spelling; Names.go_keywords owns current identifier rejection; the feature milestone owns any syntax constructor and renderer use.,SC-00; SC-01,—,lexical-only,C5
KEY-21,Go keyword,Keywords/continue,Reserved keyword `continue`,IN,Pinned keyword-vocabulary entry. Names.Identifier rejects this spelling as an ordinary identifier; a later syntax constructor may emit it only with this exact spelling.,.review/closure.csv owns the pinned spelling; Names.go_keywords owns current identifier rejection; the feature milestone owns any syntax constructor and renderer use.,SC-00; SC-01,—,lexical-only,C5
KEY-22,Go keyword,Keywords/for,Reserved keyword `for`,IN,Pinned keyword-vocabulary entry. Names.Identifier rejects this spelling as an ordinary identifier; a later syntax constructor may emit it only with this exact spelling.,.review/closure.csv owns the pinned spelling; Names.go_keywords owns current identifier rejection; the feature milestone owns any syntax constructor and renderer use.,SC-00; SC-01,—,lexical-only,C5
KEY-23,Go keyword,Keywords/import,Reserved keyword `import`,IN,Pinned keyword-vocabulary entry. Names.Identifier rejects this spelling as an ordinary identifier; a later syntax constructor may emit it only with this exact spelling.,.review/closure.csv owns the pinned spelling; Names.go_keywords owns current identifier rejection; the feature milestone owns any syntax constructor and renderer use.,SC-00; SC-01,—,lexical-only,C5
KEY-24,Go keyword,Keywords/return,Reserved keyword `return`,IN,Pinned keyword-vocabulary entry. Names.Identifier rejects this spelling as an ordinary identifier; a later syntax constructor may emit it only with this exact spelling.,.review/closure.csv owns the pinned spelling; Names.go_keywords owns current identifier rejection; the feature milestone owns any syntax constructor and renderer use.,SC-00; SC-01,—,lexical-only,C5
KEY-25,Go keyword,Keywords/var,Reserved keyword `var`,IN,Pinned keyword-vocabulary entry. Names.Identifier rejects this spelling as an ordinary identifier; a later syntax constructor may emit it only with this exact spelling.,.review/closure.csv owns the pinned spelling; Names.go_keywords owns current identifier rejection; the feature milestone owns any syntax constructor and renderer use.,SC-00; SC-01,—,lexical-only,C5
OP-01,Go operator/punctuation,Operators_and_punctuation/+,Operator or punctuation `+`,IN,Pinned operator/punctuation-vocabulary entry. This row does not claim a current AST constructor or renderer path; the feature milestone that admits a use owns that constructor and exact spelling.,".review/closure.csv owns the pinned spelling; the feature milestone owns any syntax constructor, fact, and renderer use.",SC-00,—,lexical-only,C5
OP-02,Go operator/punctuation,Operators_and_punctuation/&,Operator or punctuation `&`,IN,Pinned operator/punctuation-vocabulary entry. This row does not claim a current AST constructor or renderer path; the feature milestone that admits a use owns that constructor and exact spelling.,".review/closure.csv owns the pinned spelling; the feature milestone owns any syntax constructor, fact, and renderer use.",SC-00,—,lexical-only,C5
OP-03,Go operator/punctuation,Operators_and_punctuation/+=,Operator or punctuation `+=`,IN,Pinned operator/punctuation-vocabulary entry. This row does not claim a current AST constructor or renderer path; the feature milestone that admits a use owns that constructor and exact spelling.,".review/closure.csv owns the pinned spelling; the feature milestone owns any syntax constructor, fact, and renderer use.",SC-00,—,lexical-only,C5
OP-04,Go operator/punctuation,Operators_and_punctuation/&=,Operator or punctuation `&=`,IN,Pinned operator/punctuation-vocabulary entry. This row does not claim a current AST constructor or renderer path; the feature milestone that admits a use owns that constructor and exact spelling.,".review/closure.csv owns the pinned spelling; the feature milestone owns any syntax constructor, fact, and renderer use.",SC-00,—,lexical-only,C5
OP-05,Go operator/punctuation,Operators_and_punctuation/&&,Operator or punctuation `&&`,IN,Pinned operator/punctuation-vocabulary entry. This row does not claim a current AST constructor or renderer path; the feature milestone that admits a use owns that constructor and exact spelling.,".review/closure.csv owns the pinned spelling; the feature milestone owns any syntax constructor, fact, and renderer use.",SC-00,—,lexical-only,C5
OP-06,Go operator/punctuation,Operators_and_punctuation/==,Operator or punctuation `==`,IN,Pinned operator/punctuation-vocabulary entry. This row does not claim a current AST constructor or renderer path; the feature milestone that admits a use owns that constructor and exact spelling.,".review/closure.csv owns the pinned spelling; the feature milestone owns any syntax constructor, fact, and renderer use.",SC-00,—,lexical-only,C5
OP-07,Go operator/punctuation,Operators_and_punctuation/!=,Operator or punctuation `!=`,IN,Pinned operator/punctuation-vocabulary entry. This row does not claim a current AST constructor or renderer path; the feature milestone that admits a use owns that constructor and exact spelling.,".review/closure.csv owns the pinned spelling; the feature milestone owns any syntax constructor, fact, and renderer use.",SC-00,—,lexical-only,C5
OP-08,Go operator/punctuation,Operators_and_punctuation/(,Operator or punctuation `(`,IN,Pinned operator/punctuation-vocabulary entry. This row does not claim a current AST constructor or renderer path; the feature milestone that admits a use owns that constructor and exact spelling.,".review/closure.csv owns the pinned spelling; the feature milestone owns any syntax constructor, fact, and renderer use.",SC-00,—,lexical-only,C5
OP-09,Go operator/punctuation,Operators_and_punctuation/),Operator or punctuation `)`,IN,Pinned operator/punctuation-vocabulary entry. This row does not claim a current AST constructor or renderer path; the feature milestone that admits a use owns that constructor and exact spelling.,".review/closure.csv owns the pinned spelling; the feature milestone owns any syntax constructor, fact, and renderer use.",SC-00,—,lexical-only,C5
OP-10,Go operator/punctuation,Operators_and_punctuation/-,Operator or punctuation `-`,IN,Pinned operator/punctuation-vocabulary entry. This row does not claim a current AST constructor or renderer path; the feature milestone that admits a use owns that constructor and exact spelling.,".review/closure.csv owns the pinned spelling; the feature milestone owns any syntax constructor, fact, and renderer use.",SC-00,—,lexical-only,C5
OP-11,Go operator/punctuation,Operators_and_punctuation/|,Operator or punctuation `|`,IN,Pinned operator/punctuation-vocabulary entry. This row does not claim a current AST constructor or renderer path; the feature milestone that admits a use owns that constructor and exact spelling.,".review/closure.csv owns the pinned spelling; the feature milestone owns any syntax constructor, fact, and renderer use.",SC-00,—,lexical-only,C5
OP-12,Go operator/punctuation,Operators_and_punctuation/-=,Operator or punctuation `-=`,IN,Pinned operator/punctuation-vocabulary entry. This row does not claim a current AST constructor or renderer path; the feature milestone that admits a use owns that constructor and exact spelling.,".review/closure.csv owns the pinned spelling; the feature milestone owns any syntax constructor, fact, and renderer use.",SC-00,—,lexical-only,C5
OP-13,Go operator/punctuation,Operators_and_punctuation/|=,Operator or punctuation `|=`,IN,Pinned operator/punctuation-vocabulary entry. This row does not claim a current AST constructor or renderer path; the feature milestone that admits a use owns that constructor and exact spelling.,".review/closure.csv owns the pinned spelling; the feature milestone owns any syntax constructor, fact, and renderer use.",SC-00,—,lexical-only,C5
OP-14,Go operator/punctuation,Operators_and_punctuation/||,Operator or punctuation `||`,IN,Pinned operator/punctuation-vocabulary entry. This row does not claim a current AST constructor or renderer path; the feature milestone that admits a use owns that constructor and exact spelling.,".review/closure.csv owns the pinned spelling; the feature milestone owns any syntax constructor, fact, and renderer use.",SC-00,—,lexical-only,C5
OP-15,Go operator/punctuation,Operators_and_punctuation/<,Operator or punctuation `<`,IN,Pinned operator/punctuation-vocabulary entry. This row does not claim a current AST constructor or renderer path; the feature milestone that admits a use owns that constructor and exact spelling.,".review/closure.csv owns the pinned spelling; the feature milestone owns any syntax constructor, fact, and renderer use.",SC-00,—,lexical-only,C5
OP-16,Go operator/punctuation,Operators_and_punctuation/<=,Operator or punctuation `<=`,IN,Pinned operator/punctuation-vocabulary entry. This row does not claim a current AST constructor or renderer path; the feature milestone that admits a use owns that constructor and exact spelling.,".review/closure.csv owns the pinned spelling; the feature milestone owns any syntax constructor, fact, and renderer use.",SC-00,—,lexical-only,C5
OP-17,Go operator/punctuation,Operators_and_punctuation/[,Operator or punctuation `[`,IN,Pinned operator/punctuation-vocabulary entry. This row does not claim a current AST constructor or renderer path; the feature milestone that admits a use owns that constructor and exact spelling.,".review/closure.csv owns the pinned spelling; the feature milestone owns any syntax constructor, fact, and renderer use.",SC-00,—,lexical-only,C5
OP-18,Go operator/punctuation,Operators_and_punctuation/],Operator or punctuation `]`,IN,Pinned operator/punctuation-vocabulary entry. This row does not claim a current AST constructor or renderer path; the feature milestone that admits a use owns that constructor and exact spelling.,".review/closure.csv owns the pinned spelling; the feature milestone owns any syntax constructor, fact, and renderer use.",SC-00,—,lexical-only,C5
OP-19,Go operator/punctuation,Operators_and_punctuation/*,Operator or punctuation `*`,IN,Pinned operator/punctuation-vocabulary entry. This row does not claim a current AST constructor or renderer path; the feature milestone that admits a use owns that constructor and exact spelling.,".review/closure.csv owns the pinned spelling; the feature milestone owns any syntax constructor, fact, and renderer use.",SC-00,—,lexical-only,C5
OP-20,Go operator/punctuation,Operators_and_punctuation/^,Operator or punctuation `^`,IN,Pinned operator/punctuation-vocabulary entry. This row does not claim a current AST constructor or renderer path; the feature milestone that admits a use owns that constructor and exact spelling.,".review/closure.csv owns the pinned spelling; the feature milestone owns any syntax constructor, fact, and renderer use.",SC-00,—,lexical-only,C5
OP-21,Go operator/punctuation,Operators_and_punctuation/*=,Operator or punctuation `*=`,IN,Pinned operator/punctuation-vocabulary entry. This row does not claim a current AST constructor or renderer path; the feature milestone that admits a use owns that constructor and exact spelling.,".review/closure.csv owns the pinned spelling; the feature milestone owns any syntax constructor, fact, and renderer use.",SC-00,—,lexical-only,C5
OP-22,Go operator/punctuation,Operators_and_punctuation/^=,Operator or punctuation `^=`,IN,Pinned operator/punctuation-vocabulary entry. This row does not claim a current AST constructor or renderer path; the feature milestone that admits a use owns that constructor and exact spelling.,".review/closure.csv owns the pinned spelling; the feature milestone owns any syntax constructor, fact, and renderer use.",SC-00,—,lexical-only,C5
OP-23,Go operator/punctuation,Operators_and_punctuation/<-,Operator or punctuation `<-`,IN,Pinned operator/punctuation-vocabulary entry. This row does not claim a current AST constructor or renderer path; the feature milestone that admits a use owns that constructor and exact spelling.,".review/closure.csv owns the pinned spelling; the feature milestone owns any syntax constructor, fact, and renderer use.",SC-00,—,lexical-only,C5
OP-24,Go operator/punctuation,Operators_and_punctuation/>,Operator or punctuation `>`,IN,Pinned operator/punctuation-vocabulary entry. This row does not claim a current AST constructor or renderer path; the feature milestone that admits a use owns that constructor and exact spelling.,".review/closure.csv owns the pinned spelling; the feature milestone owns any syntax constructor, fact, and renderer use.",SC-00,—,lexical-only,C5
OP-25,Go operator/punctuation,Operators_and_punctuation/>=,Operator or punctuation `>=`,IN,Pinned operator/punctuation-vocabulary entry. This row does not claim a current AST constructor or renderer path; the feature milestone that admits a use owns that constructor and exact spelling.,".review/closure.csv owns the pinned spelling; the feature milestone owns any syntax constructor, fact, and renderer use.",SC-00,—,lexical-only,C5
OP-26,Go operator/punctuation,Operators_and_punctuation/{,Operator or punctuation `{`,IN,Pinned operator/punctuation-vocabulary entry. This row does not claim a current AST constructor or renderer path; the feature milestone that admits a use owns that constructor and exact spelling.,".review/closure.csv owns the pinned spelling; the feature milestone owns any syntax constructor, fact, and renderer use.",SC-00,—,lexical-only,C5
OP-27,Go operator/punctuation,Operators_and_punctuation/},Operator or punctuation `}`,IN,Pinned operator/punctuation-vocabulary entry. This row does not claim a current AST constructor or renderer path; the feature milestone that admits a use owns that constructor and exact spelling.,".review/closure.csv owns the pinned spelling; the feature milestone owns any syntax constructor, fact, and renderer use.",SC-00,—,lexical-only,C5
OP-28,Go operator/punctuation,Operators_and_punctuation//,Operator or punctuation `/`,IN,Pinned operator/punctuation-vocabulary entry. This row does not claim a current AST constructor or renderer path; the feature milestone that admits a use owns that constructor and exact spelling.,".review/closure.csv owns the pinned spelling; the feature milestone owns any syntax constructor, fact, and renderer use.",SC-00,—,lexical-only,C5
OP-29,Go operator/punctuation,Operators_and_punctuation/<<,Operator or punctuation `<<`,IN,Pinned operator/punctuation-vocabulary entry. This row does not claim a current AST constructor or renderer path; the feature milestone that admits a use owns that constructor and exact spelling.,".review/closure.csv owns the pinned spelling; the feature milestone owns any syntax constructor, fact, and renderer use.",SC-00,—,lexical-only,C5
OP-30,Go operator/punctuation,Operators_and_punctuation//=,Operator or punctuation `/=`,IN,Pinned operator/punctuation-vocabulary entry. This row does not claim a current AST constructor or renderer path; the feature milestone that admits a use owns that constructor and exact spelling.,".review/closure.csv owns the pinned spelling; the feature milestone owns any syntax constructor, fact, and renderer use.",SC-00,—,lexical-only,C5
OP-31,Go operator/punctuation,Operators_and_punctuation/<<=,Operator or punctuation `<<=`,IN,Pinned operator/punctuation-vocabulary entry. This row does not claim a current AST constructor or renderer path; the feature milestone that admits a use owns that constructor and exact spelling.,".review/closure.csv owns the pinned spelling; the feature milestone owns any syntax constructor, fact, and renderer use.",SC-00,—,lexical-only,C5
OP-32,Go operator/punctuation,Operators_and_punctuation/++,Operator or punctuation `++`,IN,Pinned operator/punctuation-vocabulary entry. This row does not claim a current AST constructor or renderer path; the feature milestone that admits a use owns that constructor and exact spelling.,".review/closure.csv owns the pinned spelling; the feature milestone owns any syntax constructor, fact, and renderer use.",SC-00,—,lexical-only,C5
OP-33,Go operator/punctuation,Operators_and_punctuation/=,Operator or punctuation `=`,IN,Pinned operator/punctuation-vocabulary entry. This row does not claim a current AST constructor or renderer path; the feature milestone that admits a use owns that constructor and exact spelling.,".review/closure.csv owns the pinned spelling; the feature milestone owns any syntax constructor, fact, and renderer use.",SC-00,—,lexical-only,C5
OP-34,Go operator/punctuation,Operators_and_punctuation/:=,Operator or punctuation `:=`,IN,Pinned operator/punctuation-vocabulary entry. This row does not claim a current AST constructor or renderer path; the feature milestone that admits a use owns that constructor and exact spelling.,".review/closure.csv owns the pinned spelling; the feature milestone owns any syntax constructor, fact, and renderer use.",SC-00,—,lexical-only,C5
OP-35,Go operator/punctuation,"Operators_and_punctuation/,","Operator or punctuation `,`",IN,Pinned operator/punctuation-vocabulary entry. This row does not claim a current AST constructor or renderer path; the feature milestone that admits a use owns that constructor and exact spelling.,".review/closure.csv owns the pinned spelling; the feature milestone owns any syntax constructor, fact, and renderer use.",SC-00,—,lexical-only,C5
OP-36,Go operator/punctuation,Operators_and_punctuation/;,Operator or punctuation `;`,IN,Pinned operator/punctuation-vocabulary entry. This row does not claim a current AST constructor or renderer path; the feature milestone that admits a use owns that constructor and exact spelling.,".review/closure.csv owns the pinned spelling; the feature milestone owns any syntax constructor, fact, and renderer use.",SC-00,—,lexical-only,C5
OP-37,Go operator/punctuation,Operators_and_punctuation/%,Operator or punctuation `%`,IN,Pinned operator/punctuation-vocabulary entry. This row does not claim a current AST constructor or renderer path; the feature milestone that admits a use owns that constructor and exact spelling.,".review/closure.csv owns the pinned spelling; the feature milestone owns any syntax constructor, fact, and renderer use.",SC-00,—,lexical-only,C5
OP-38,Go operator/punctuation,Operators_and_punctuation/>>,Operator or punctuation `>>`,IN,Pinned operator/punctuation-vocabulary entry. This row does not claim a current AST constructor or renderer path; the feature milestone that admits a use owns that constructor and exact spelling.,".review/closure.csv owns the pinned spelling; the feature milestone owns any syntax constructor, fact, and renderer use.",SC-00,—,lexical-only,C5
OP-39,Go operator/punctuation,Operators_and_punctuation/%=,Operator or punctuation `%=`,IN,Pinned operator/punctuation-vocabulary entry. This row does not claim a current AST constructor or renderer path; the feature milestone that admits a use owns that constructor and exact spelling.,".review/closure.csv owns the pinned spelling; the feature milestone owns any syntax constructor, fact, and renderer use.",SC-00,—,lexical-only,C5
OP-40,Go operator/punctuation,Operators_and_punctuation/>>=,Operator or punctuation `>>=`,IN,Pinned operator/punctuation-vocabulary entry. This row does not claim a current AST constructor or renderer path; the feature milestone that admits a use owns that constructor and exact spelling.,".review/closure.csv owns the pinned spelling; the feature milestone owns any syntax constructor, fact, and renderer use.",SC-00,—,lexical-only,C5
OP-41,Go operator/punctuation,Operators_and_punctuation/--,Operator or punctuation `--`,IN,Pinned operator/punctuation-vocabulary entry. This row does not claim a current AST constructor or renderer path; the feature milestone that admits a use owns that constructor and exact spelling.,".review/closure.csv owns the pinned spelling; the feature milestone owns any syntax constructor, fact, and renderer use.",SC-00,—,lexical-only,C5
OP-42,Go operator/punctuation,Operators_and_punctuation/!,Operator or punctuation `!`,IN,Pinned operator/punctuation-vocabulary entry. This row does not claim a current AST constructor or renderer path; the feature milestone that admits a use owns that constructor and exact spelling.,".review/closure.csv owns the pinned spelling; the feature milestone owns any syntax constructor, fact, and renderer use.",SC-00,—,lexical-only,C5
OP-43,Go operator/punctuation,Operators_and_punctuation/...,Operator or punctuation `...`,IN,Pinned operator/punctuation-vocabulary entry. This row does not claim a current AST constructor or renderer path; the feature milestone that admits a use owns that constructor and exact spelling.,".review/closure.csv owns the pinned spelling; the feature milestone owns any syntax constructor, fact, and renderer use.",SC-00,—,lexical-only,C5
OP-44,Go operator/punctuation,Operators_and_punctuation/.,Operator or punctuation `.`,IN,Pinned operator/punctuation-vocabulary entry. This row does not claim a current AST constructor or renderer path; the feature milestone that admits a use owns that constructor and exact spelling.,".review/closure.csv owns the pinned spelling; the feature milestone owns any syntax constructor, fact, and renderer use.",SC-00,—,lexical-only,C5
OP-45,Go operator/punctuation,Operators_and_punctuation/:,Operator or punctuation `:`,IN,Pinned operator/punctuation-vocabulary entry. This row does not claim a current AST constructor or renderer path; the feature milestone that admits a use owns that constructor and exact spelling.,".review/closure.csv owns the pinned spelling; the feature milestone owns any syntax constructor, fact, and renderer use.",SC-00,—,lexical-only,C5
OP-46,Go operator/punctuation,Operators_and_punctuation/&^,Operator or punctuation `&^`,IN,Pinned operator/punctuation-vocabulary entry. This row does not claim a current AST constructor or renderer path; the feature milestone that admits a use owns that constructor and exact spelling.,".review/closure.csv owns the pinned spelling; the feature milestone owns any syntax constructor, fact, and renderer use.",SC-00,—,lexical-only,C5
OP-47,Go operator/punctuation,Operators_and_punctuation/&^=,Operator or punctuation `&^=`,IN,Pinned operator/punctuation-vocabulary entry. This row does not claim a current AST constructor or renderer path; the feature milestone that admits a use owns that constructor and exact spelling.,".review/closure.csv owns the pinned spelling; the feature milestone owns any syntax constructor, fact, and renderer use.",SC-00,—,lexical-only,C5
OP-48,Go operator/punctuation,Operators_and_punctuation/~,Operator or punctuation `~`,IN,Pinned operator/punctuation-vocabulary entry. This row does not claim a current AST constructor or renderer path; the feature milestone that admits a use owns that constructor and exact spelling.,".review/closure.csv owns the pinned spelling; the feature milestone owns any syntax constructor, fact, and renderer use.",SC-00,—,lexical-only,C5
PRE-01,Go predeclared,Predeclared_identifiers/any,Predeclared type `any`,IN,The universe block contains one exact `any` type object. Ordinary scope lookup may shadow it; later phases consume the retained binding fact.,Universe-block object identity and BindingFact; builtin/type-specific facts own later meaning.,SC-03; SC-04; SC-13,—,ordinary,C12
PRE-02,Go predeclared,Predeclared_identifiers/bool,Predeclared type `bool`,IN,The universe block contains one exact `bool` type object. Ordinary scope lookup may shadow it; later phases consume the retained binding fact.,Universe-block object identity and BindingFact; builtin/type-specific facts own later meaning.,SC-03,—,ordinary,C6
PRE-03,Go predeclared,Predeclared_identifiers/byte,Predeclared type `byte`,IN,The universe block contains one exact `byte` type object. Ordinary scope lookup may shadow it; later phases consume the retained binding fact.,Universe-block object identity and BindingFact; builtin/type-specific facts own later meaning.,SC-03,—,ordinary,C6
PRE-04,Go predeclared,Predeclared_identifiers/comparable,Predeclared type `comparable`,IN,The universe block contains one exact `comparable` type object. Ordinary scope lookup may shadow it; later phases consume the retained binding fact.,Universe-block object identity and BindingFact; builtin/type-specific facts own later meaning.,SC-03; SC-04; SC-13,—,ordinary,C13
PRE-05,Go predeclared,Predeclared_identifiers/complex64,Predeclared type `complex64`,IN,The universe block contains one exact `complex64` type object. Ordinary scope lookup may shadow it; later phases consume the retained binding fact.,Universe-block object identity and BindingFact; builtin/type-specific facts own later meaning.,SC-03,—,ordinary,C6
PRE-06,Go predeclared,Predeclared_identifiers/complex128,Predeclared type `complex128`,IN,The universe block contains one exact `complex128` type object. Ordinary scope lookup may shadow it; later phases consume the retained binding fact.,Universe-block object identity and BindingFact; builtin/type-specific facts own later meaning.,SC-03,—,ordinary,C6
PRE-07,Go predeclared,Predeclared_identifiers/error,Predeclared type `error`,IN,The universe block contains one exact `error` type object. Ordinary scope lookup may shadow it; later phases consume the retained binding fact.,Universe-block object identity and BindingFact; builtin/type-specific facts own later meaning.,SC-03; SC-04; SC-13,—,ordinary,C12
PRE-08,Go predeclared,Predeclared_identifiers/float32,Predeclared type `float32`,IN,The universe block contains one exact `float32` type object. Ordinary scope lookup may shadow it; later phases consume the retained binding fact.,Universe-block object identity and BindingFact; builtin/type-specific facts own later meaning.,SC-03,—,ordinary,C6
PRE-09,Go predeclared,Predeclared_identifiers/float64,Predeclared type `float64`,IN,The universe block contains one exact `float64` type object. Ordinary scope lookup may shadow it; later phases consume the retained binding fact.,Universe-block object identity and BindingFact; builtin/type-specific facts own later meaning.,SC-03,—,ordinary,C6
PRE-10,Go predeclared,Predeclared_identifiers/int,Predeclared type `int`,IN,The universe block contains one exact `int` type object. Ordinary scope lookup may shadow it; later phases consume the retained binding fact.,Universe-block object identity and BindingFact; builtin/type-specific facts own later meaning.,SC-03,—,ordinary,C6
PRE-11,Go predeclared,Predeclared_identifiers/int8,Predeclared type `int8`,IN,The universe block contains one exact `int8` type object. Ordinary scope lookup may shadow it; later phases consume the retained binding fact.,Universe-block object identity and BindingFact; builtin/type-specific facts own later meaning.,SC-03,—,ordinary,C6
PRE-12,Go predeclared,Predeclared_identifiers/int16,Predeclared type `int16`,IN,The universe block contains one exact `int16` type object. Ordinary scope lookup may shadow it; later phases consume the retained binding fact.,Universe-block object identity and BindingFact; builtin/type-specific facts own later meaning.,SC-03,—,ordinary,C6
PRE-13,Go predeclared,Predeclared_identifiers/int32,Predeclared type `int32`,IN,The universe block contains one exact `int32` type object. Ordinary scope lookup may shadow it; later phases consume the retained binding fact.,Universe-block object identity and BindingFact; builtin/type-specific facts own later meaning.,SC-03,—,ordinary,C6
PRE-14,Go predeclared,Predeclared_identifiers/int64,Predeclared type `int64`,IN,The universe block contains one exact `int64` type object. Ordinary scope lookup may shadow it; later phases consume the retained binding fact.,Universe-block object identity and BindingFact; builtin/type-specific facts own later meaning.,SC-03,—,ordinary,C6
PRE-15,Go predeclared,Predeclared_identifiers/rune,Predeclared type `rune`,IN,The universe block contains one exact `rune` type object. Ordinary scope lookup may shadow it; later phases consume the retained binding fact.,Universe-block object identity and BindingFact; builtin/type-specific facts own later meaning.,SC-03,—,ordinary,C6
PRE-16,Go predeclared,Predeclared_identifiers/string,Predeclared type `string`,IN,The universe block contains one exact `string` type object. Ordinary scope lookup may shadow it; later phases consume the retained binding fact.,Universe-block object identity and BindingFact; builtin/type-specific facts own later meaning.,SC-03,—,ordinary,C6
PRE-17,Go predeclared,Predeclared_identifiers/uint,Predeclared type `uint`,IN,The universe block contains one exact `uint` type object. Ordinary scope lookup may shadow it; later phases consume the retained binding fact.,Universe-block object identity and BindingFact; builtin/type-specific facts own later meaning.,SC-03,—,ordinary,C6
PRE-18,Go predeclared,Predeclared_identifiers/uint8,Predeclared type `uint8`,IN,The universe block contains one exact `uint8` type object. Ordinary scope lookup may shadow it; later phases consume the retained binding fact.,Universe-block object identity and BindingFact; builtin/type-specific facts own later meaning.,SC-03,—,ordinary,C6
PRE-19,Go predeclared,Predeclared_identifiers/uint16,Predeclared type `uint16`,IN,The universe block contains one exact `uint16` type object. Ordinary scope lookup may shadow it; later phases consume the retained binding fact.,Universe-block object identity and BindingFact; builtin/type-specific facts own later meaning.,SC-03,—,ordinary,C6
PRE-20,Go predeclared,Predeclared_identifiers/uint32,Predeclared type `uint32`,IN,The universe block contains one exact `uint32` type object. Ordinary scope lookup may shadow it; later phases consume the retained binding fact.,Universe-block object identity and BindingFact; builtin/type-specific facts own later meaning.,SC-03,—,ordinary,C6
PRE-21,Go predeclared,Predeclared_identifiers/uint64,Predeclared type `uint64`,IN,The universe block contains one exact `uint64` type object. Ordinary scope lookup may shadow it; later phases consume the retained binding fact.,Universe-block object identity and BindingFact; builtin/type-specific facts own later meaning.,SC-03,—,ordinary,C6
PRE-22,Go predeclared,Predeclared_identifiers/uintptr,Predeclared type `uintptr`,OUT,No predeclared binding or SemanticType constructor for uintptr exists.,Universe-block binding/type unrepresentability.,SC-19,"Reopen ADR-0001 or adopt a replacement target decision, then pay the full `uintptr` representation, typing, lowering, target-adequacy, and proof price via SPEC-X003; unsafe.Pointer remains separate.",ordinary,OUT
PRE-23,Go predeclared,Predeclared_identifiers/true,Predeclared constant `true`,IN,The universe block contains one exact `true` constant object. Ordinary scope lookup may shadow it; later phases consume the retained binding fact.,Universe-block object identity and BindingFact; builtin/type-specific facts own later meaning.,SC-03,—,ordinary,C6
PRE-24,Go predeclared,Predeclared_identifiers/false,Predeclared constant `false`,IN,The universe block contains one exact `false` constant object. Ordinary scope lookup may shadow it; later phases consume the retained binding fact.,Universe-block object identity and BindingFact; builtin/type-specific facts own later meaning.,SC-03,—,ordinary,C6
PRE-25,Go predeclared,Predeclared_identifiers/iota,Predeclared constant `iota`,IN,The universe block contains one exact `iota` constant object. Ordinary scope lookup may shadow it; later phases consume the retained binding fact.,Universe-block object identity and BindingFact; builtin/type-specific facts own later meaning.,SC-03,—,ordinary,C6
PRE-26,Go predeclared,Predeclared_identifiers/nil,Predeclared zero_value `nil`,IN,The universe block contains one exact `nil` zero_value object. Ordinary scope lookup may shadow it; later phases consume the retained binding fact.,Universe-block object identity and BindingFact; builtin/type-specific facts own later meaning.,SC-03,—,ordinary,C6
PRE-27,Go predeclared,Predeclared_identifiers/append,Predeclared function `append`,IN,The universe block contains one exact `append` function object. Ordinary scope lookup may shadow it; later phases consume the retained binding fact.,Universe-block object identity and BindingFact; builtin/type-specific facts own later meaning.,SC-03; SC-15,—,ordinary,C10
PRE-28,Go predeclared,Predeclared_identifiers/cap,Predeclared function `cap`,IN,The universe block contains one exact `cap` function object. Ordinary scope lookup may shadow it; later phases consume the retained binding fact.,Universe-block object identity and BindingFact; builtin/type-specific facts own later meaning.,SC-03; SC-15,—,ordinary,C10
PRE-29,Go predeclared,Predeclared_identifiers/clear,Predeclared function `clear`,IN,"The universe block contains one exact clear function object. Its builtin fact covers slice zeroing and complete map removal, including NaN-keyed entries that lookup and delete cannot retrieve.",Universe-block object identity and BindingFact; builtin/type-specific facts own later meaning.,SC-03; SC-15,—,ordinary,C10
PRE-30,Go predeclared,Predeclared_identifiers/close,Predeclared function `close`,IN,The universe block contains one exact `close` function object. Ordinary scope lookup may shadow it; later phases consume the retained binding fact.,Universe-block object identity and BindingFact; builtin/type-specific facts own later meaning.,SC-03; SC-15; SC-10,—,ordinary,C14
PRE-31,Go predeclared,Predeclared_identifiers/complex,Predeclared function `complex`,IN,The universe block contains one exact `complex` function object. Ordinary scope lookup may shadow it; later phases consume the retained binding fact.,Universe-block object identity and BindingFact; builtin/type-specific facts own later meaning.,SC-03; SC-15,—,ordinary,C7
PRE-32,Go predeclared,Predeclared_identifiers/copy,Predeclared function `copy`,IN,The universe block contains one exact `copy` function object. Ordinary scope lookup may shadow it; later phases consume the retained binding fact.,Universe-block object identity and BindingFact; builtin/type-specific facts own later meaning.,SC-03; SC-15,—,ordinary,C10
PRE-33,Go predeclared,Predeclared_identifiers/delete,Predeclared function `delete`,IN,The universe block contains one exact `delete` function object. Ordinary scope lookup may shadow it; later phases consume the retained binding fact.,Universe-block object identity and BindingFact; builtin/type-specific facts own later meaning.,SC-03; SC-15,—,ordinary,C10
PRE-34,Go predeclared,Predeclared_identifiers/imag,Predeclared function `imag`,IN,The universe block contains one exact `imag` function object. Ordinary scope lookup may shadow it; later phases consume the retained binding fact.,Universe-block object identity and BindingFact; builtin/type-specific facts own later meaning.,SC-03; SC-15,—,ordinary,C7
PRE-35,Go predeclared,Predeclared_identifiers/len,Predeclared function `len`,IN,The universe block contains one exact `len` function object. Ordinary scope lookup may shadow it; later phases consume the retained binding fact.,Universe-block object identity and BindingFact; builtin/type-specific facts own later meaning.,SC-03; SC-15,—,ordinary,C10
PRE-36,Go predeclared,Predeclared_identifiers/make,Predeclared function `make`,IN,The universe block contains one exact `make` function object. Ordinary scope lookup may shadow it; later phases consume the retained binding fact.,Universe-block object identity and BindingFact; builtin/type-specific facts own later meaning.,SC-03; SC-15,—,ordinary,C10
PRE-37,Go predeclared,Predeclared_identifiers/max,Predeclared function `max`,IN,The universe block contains one exact `max` function object. Ordinary scope lookup may shadow it; later phases consume the retained binding fact.,Universe-block object identity and BindingFact; builtin/type-specific facts own later meaning.,SC-03; SC-15,—,ordinary,C7
PRE-38,Go predeclared,Predeclared_identifiers/min,Predeclared function `min`,IN,The universe block contains one exact `min` function object. Ordinary scope lookup may shadow it; later phases consume the retained binding fact.,Universe-block object identity and BindingFact; builtin/type-specific facts own later meaning.,SC-03; SC-15,—,ordinary,C7
PRE-39,Go predeclared,Predeclared_identifiers/new,Predeclared function `new`,IN,The universe block contains one exact `new` function object. Ordinary scope lookup may shadow it; later phases consume the retained binding fact.,Universe-block object identity and BindingFact; builtin/type-specific facts own later meaning.,SC-03; SC-15,—,ordinary,C10
PRE-40,Go predeclared,Predeclared_identifiers/panic,Predeclared function `panic`,IN,The universe block contains one exact `panic` function object. Ordinary scope lookup may shadow it; later phases consume the retained binding fact.,Universe-block object identity and BindingFact; builtin/type-specific facts own later meaning.,SC-03; SC-15; SC-09,—,ordinary,C9
PRE-41,Go predeclared,Predeclared_identifiers/print,Predeclared function `print`,IN,The universe block contains one exact `print` function object. Ordinary scope lookup may shadow it; later phases consume the retained binding fact.,Universe-block object identity and BindingFact; builtin/type-specific facts own later meaning.,SC-03; SC-15; SC-17,—,ordinary,C7
PRE-42,Go predeclared,Predeclared_identifiers/println,Predeclared function `println`,IN,The universe block contains one exact `println` function object. Ordinary scope lookup may shadow it; later phases consume the retained binding fact.,Universe-block object identity and BindingFact; builtin/type-specific facts own later meaning.,SC-03; SC-15; SC-17,—,ordinary,C7
PRE-43,Go predeclared,Predeclared_identifiers/real,Predeclared function `real`,IN,The universe block contains one exact `real` function object. Ordinary scope lookup may shadow it; later phases consume the retained binding fact.,Universe-block object identity and BindingFact; builtin/type-specific facts own later meaning.,SC-03; SC-15,—,ordinary,C7
PRE-44,Go predeclared,Predeclared_identifiers/recover,Predeclared function `recover`,IN,The universe block contains one exact `recover` function object. Ordinary scope lookup may shadow it; later phases consume the retained binding fact.,Universe-block object identity and BindingFact; builtin/type-specific facts own later meaning.,SC-03; SC-15; SC-09,—,ordinary,C9
